Date,Source,Site ID,POC,NO2,UNITS,DAILY_AQI_VALUE,Site Name,DAILY_OBS_COUNT,PERCENT_COMPLETE,AQS_PARAMETER_CODE,AQS_PARAMETER_DESC,CBSA_CODE,CBSA_NAME,STATE_CODE,STATE,COUNTY_CODE,COUNTY,SITE_LATITUDE,SITE_LONGITUDE
1/1/2023,AQS,371830014,3,17.9,ppb,16,Millbrook School,23,96,42602,Nitrogen dioxide (NO2),39580,"Raleigh, NC",37,North Carolina,183,Wake,35.856111,-78.574167
1/2/2023,AQS,371830014,3,11.4,ppb,10,Millbrook School,23,96,42602,Nitrogen dioxide (NO2),39580,"Raleigh, NC",37,North Carolina,183,Wake,35.856111,-78.574167
1/3/2023,AQS,371830014,3,13.8,ppb,12,Millbrook School,23,96,42602,Nitrogen dioxide (NO2),39580,"Raleigh, NC",37,North Carolina,183,Wake,35.856111,-78.574167
1/4/2023,AQS,371830014,3,7,ppb,7,Millbrook School,21,88,42602,Nitrogen dioxide (NO2),39580,"Raleigh, NC",37,North Carolina,183,Wake,35.856111,-78.574167
1/5/2023,AQS,371830014,3,16.7,ppb,15,Millbrook School,23,96,42602,Nitrogen dioxide (NO2),39580,"Raleigh, NC",37,North Carolina,183,Wake,35.856111,-78.574167
1/6/2023,AQS,371830014,3,33.5,ppb,31,Millbrook School,23,96,42602,Nitrogen dioxide (NO2),39580,"Raleigh, NC",37,North Carolina,183,Wake,35.856111,-78.574167
1/7/2023,AQS,371830014,3,30.5,ppb,28,Millbrook School,23,96,42602,Nitrogen dioxide (NO2),39580,"Raleigh, NC",37,North Carolina,183,Wake,35.856111,-78.574167
1/8/2023,AQS,371830014,3,20.3,ppb,19,Millbrook School,23,96,42602,Nitrogen dioxide (NO2),39580,"Raleigh, NC",37,North Carolina,183,Wake,35.856111,-78.574167
1/9/2023,AQS,371830014,3,28.2,ppb,26,Millbrook School,23,96,42602,Nitrogen dioxide (NO2),39580,"Raleigh, NC",37,North Carolina,183,Wake,35.856111,-78.574167
1/10/2023,AQS,371830014,3,25,ppb,24,Millbrook School,23,96,42602,Nitrogen dioxide (NO2),39580,"Raleigh, NC",37,North Carolina,183,Wake,35.856111,-78.574167
1/11/2023,AQS,371830014,3,23.4,ppb,22,Millbrook School,23,96,42602,Nitrogen dioxide (NO2),39580,"Raleigh, NC",37,North Carolina,183,Wake,35.856111,-78.574167
1/12/2023,AQS,371830014,3,17.9,ppb,16,Millbrook School,23,96,42602,Nitrogen dioxide (NO2),39580,"Raleigh, NC",37,North Carolina,183,Wake,35.856111,-78.574167
1/13/2023,AQS,371830014,3,4.3,ppb,4,Millbrook School,23,96,42602,Nitrogen dioxide (NO2),39580,"Raleigh, NC",37,North Carolina,183,Wake,35.856111,-78.574167
1/14/2023,AQS,371830014,3,4.1,ppb,4,Millbrook School,23,96,42602,Nitrogen dioxide (NO2),39580,"Raleigh, NC",37,North Carolina,183,Wake,35.856111,-78.574167
1/15/2023,AQS,371830014,3,33.5,ppb,31,Millbrook School,23,96,42602,Nitrogen dioxide (NO2),39580,"Raleigh, NC",37,North Carolina,183,Wake,35.856111,-78.574167
1/16/2023,AQS,371830014,3,30.1,ppb,28,Millbrook School,23,96,42602,Nitrogen dioxide (NO2),39580,"Raleigh, NC",37,North Carolina,183,Wake,35.856111,-78.574167
1/17/2023,AQS,371830014,3,18.5,ppb,17,Millbrook School,23,96,42602,Nitrogen dioxide (NO2),39580,"Raleigh, NC",37,North Carolina,183,Wake,35.856111,-78.574167
1/18/2023,AQS,371830014,3,25.1,ppb,24,Millbrook School,22,92,42602,Nitrogen dioxide (NO2),39580,"Raleigh, NC",37,North Carolina,183,Wake,35.856111,-78.574167
1/19/2023,AQS,371830014,3,20.1,ppb,19,Millbrook School,23,96,42602,Nitrogen dioxide (NO2),39580,"Raleigh, NC",37,North Carolina,183,Wake,35.856111,-78.574167
1/20/2023,AQS,371830014,3,7.6,ppb,7,Millbrook School,23,96,42602,Nitrogen dioxide (NO2),39580,"Raleigh, NC",37,North Carolina,183,Wake,35.856111,-78.574167
1/21/2023,AQS,371830014,3,28.7,ppb,26,Millbrook School,23,96,42602,Nitrogen dioxide (NO2),39580,"Raleigh, NC",37,North Carolina,183,Wake,35.856111,-78.574167
1/22/2023,AQS,371830014,3,19.3,ppb,18,Millbrook School,23,96,42602,Nitrogen dioxide (NO2),39580,"Raleigh, NC",37,North Carolina,183,Wake,35.856111,-78.574167
1/23/2023,AQS,371830014,3,6.4,ppb,6,Millbrook School,23,96,42602,Nitrogen dioxide (NO2),39580,"Raleigh, NC",37,North Carolina,183,Wake,35.856111,-78.574167
1/24/2023,AQS,371830014,3,36.1,ppb,34,Millbrook School,23,96,42602,Nitrogen dioxide (NO2),39580,"Raleigh, NC",37,North Carolina,183,Wake,35.856111,-78.574167
1/25/2023,AQS,371830014,3,25.4,ppb,24,Millbrook School,23,96,42602,Nitrogen dioxide (NO2),39580,"Raleigh, NC",37,North Carolina,183,Wake,35.856111,-78.574167
1/26/2023,AQS,371830014,3,15.2,ppb,14,Millbrook School,23,96,42602,Nitrogen dioxide (NO2),39580,"Raleigh, NC",37,North Carolina,183,Wake,35.856111,-78.574167
1/27/2023,AQS,371830014,3,35.3,ppb,33,Millbrook School,23,96,42602,Nitrogen dioxide (NO2),39580,"Raleigh, NC",37,North Carolina,183,Wake,35.856111,-78.574167
1/28/2023,AQS,371830014,3,29,ppb,27,Millbrook School,23,96,42602,Nitrogen dioxide (NO2),39580,"Raleigh, NC",37,North Carolina,183,Wake,35.856111,-78.574167
1/29/2023,AQS,371830014,3,20,ppb,19,Millbrook School,23,96,42602,Nitrogen dioxide (NO2),39580,"Raleigh, NC",37,North Carolina,183,Wake,35.856111,-78.574167
1/30/2023,AQS,371830014,3,16.6,ppb,15,Millbrook School,23,96,42602,Nitrogen dioxide (NO2),39580,"Raleigh, NC",37,North Carolina,183,Wake,35.856111,-78.574167
1/31/2023,AQS,371830014,3,12.1,ppb,11,Millbrook School,23,96,42602,Nitrogen dioxide (NO2),39580,"Raleigh, NC",37,North Carolina,183,Wake,35.856111,-78.574167
2/1/2023,AQS,371830014,3,7.4,ppb,7,Millbrook School,21,88,42602,Nitrogen dioxide (NO2),39580,"Raleigh, NC",37,North Carolina,183,Wake,35.856111,-78.574167
2/2/2023,AQS,371830014,3,19.4,ppb,18,Millbrook School,23,96,42602,Nitrogen dioxide (NO2),39580,"Raleigh, NC",37,North Carolina,183,Wake,35.856111,-78.574167
2/3/2023,AQS,371830014,3,5.6,ppb,5,Millbrook School,23,96,42602,Nitrogen dioxide (NO2),39580,"Raleigh, NC",37,North Carolina,183,Wake,35.856111,-78.574167
2/4/2023,AQS,371830014,3,20,ppb,19,Millbrook School,23,96,42602,Nitrogen dioxide (NO2),39580,"Raleigh, NC",37,North Carolina,183,Wake,35.856111,-78.574167
2/5/2023,AQS,371830014,3,16.3,ppb,15,Millbrook School,23,96,42602,Nitrogen dioxide (NO2),39580,"Raleigh, NC",37,North Carolina,183,Wake,35.856111,-78.574167
2/6/2023,AQS,371830014,3,35.3,ppb,33,Millbrook School,23,96,42602,Nitrogen dioxide (NO2),39580,"Raleigh, NC",37,North Carolina,183,Wake,35.856111,-78.574167
2/7/2023,AQS,371830014,3,23.4,ppb,22,Millbrook School,23,96,42602,Nitrogen dioxide (NO2),39580,"Raleigh, NC",37,North Carolina,183,Wake,35.856111,-78.574167
2/8/2023,AQS,371830014,3,41.3,ppb,39,Millbrook School,23,96,42602,Nitrogen dioxide (NO2),39580,"Raleigh, NC",37,North Carolina,183,Wake,35.856111,-78.574167
2/9/2023,AQS,371830014,3,31,ppb,29,Millbrook School,23,96,42602,Nitrogen dioxide (NO2),39580,"Raleigh, NC",37,North Carolina,183,Wake,35.856111,-78.574167
2/10/2023,AQS,371830014,3,10.4,ppb,9,Millbrook School,23,96,42602,Nitrogen dioxide (NO2),39580,"Raleigh, NC",37,North Carolina,183,Wake,35.856111,-78.574167
2/11/2023,AQS,371830014,3,4.6,ppb,4,Millbrook School,23,96,42602,Nitrogen dioxide (NO2),39580,"Raleigh, NC",37,North Carolina,183,Wake,35.856111,-78.574167
2/12/2023,AQS,371830014,3,3.1,ppb,3,Millbrook School,23,96,42602,Nitrogen dioxide (NO2),39580,"Raleigh, NC",37,North Carolina,183,Wake,35.856111,-78.574167
2/13/2023,AQS,371830014,3,37.1,ppb,35,Millbrook School,23,96,42602,Nitrogen dioxide (NO2),39580,"Raleigh, NC",37,North Carolina,183,Wake,35.856111,-78.574167
2/14/2023,AQS,371830014,3,30.9,ppb,28,Millbrook School,23,96,42602,Nitrogen dioxide (NO2),39580,"Raleigh, NC",37,North Carolina,183,Wake,35.856111,-78.574167
2/15/2023,AQS,371830014,3,19.9,ppb,18,Millbrook School,22,92,42602,Nitrogen dioxide (NO2),39580,"Raleigh, NC",37,North Carolina,183,Wake,35.856111,-78.574167
2/16/2023,AQS,371830014,3,11.8,ppb,10,Millbrook School,23,96,42602,Nitrogen dioxide (NO2),39580,"Raleigh, NC",37,North Carolina,183,Wake,35.856111,-78.574167
2/17/2023,AQS,371830014,3,5.2,ppb,5,Millbrook School,23,96,42602,Nitrogen dioxide (NO2),39580,"Raleigh, NC",37,North Carolina,183,Wake,35.856111,-78.574167
2/18/2023,AQS,371830014,3,24.9,ppb,23,Millbrook School,23,96,42602,Nitrogen dioxide (NO2),39580,"Raleigh, NC",37,North Carolina,183,Wake,35.856111,-78.574167
2/19/2023,AQS,371830014,3,23.3,ppb,22,Millbrook School,23,96,42602,Nitrogen dioxide (NO2),39580,"Raleigh, NC",37,North Carolina,183,Wake,35.856111,-78.574167
2/20/2023,AQS,371830014,3,25.3,ppb,24,Millbrook School,23,96,42602,Nitrogen dioxide (NO2),39580,"Raleigh, NC",37,North Carolina,183,Wake,35.856111,-78.574167
2/21/2023,AQS,371830014,3,32.9,ppb,30,Millbrook School,23,96,42602,Nitrogen dioxide (NO2),39580,"Raleigh, NC",37,North Carolina,183,Wake,35.856111,-78.574167
2/22/2023,AQS,371830014,3,26.1,ppb,25,Millbrook School,23,96,42602,Nitrogen dioxide (NO2),39580,"Raleigh, NC",37,North Carolina,183,Wake,35.856111,-78.574167
2/23/2023,AQS,371830014,3,14.5,ppb,13,Millbrook School,23,96,42602,Nitrogen dioxide (NO2),39580,"Raleigh, NC",37,North Carolina,183,Wake,35.856111,-78.574167
2/24/2023,AQS,371830014,3,9.7,ppb,8,Millbrook School,23,96,42602,Nitrogen dioxide (NO2),39580,"Raleigh, NC",37,North Carolina,183,Wake,35.856111,-78.574167
2/25/2023,AQS,371830014,3,5.7,ppb,5,Millbrook School,23,96,42602,Nitrogen dioxide (NO2),39580,"Raleigh, NC",37,North Carolina,183,Wake,35.856111,-78.574167
2/26/2023,AQS,371830014,3,6.7,ppb,6,Millbrook School,23,96,42602,Nitrogen dioxide (NO2),39580,"Raleigh, NC",37,North Carolina,183,Wake,35.856111,-78.574167
2/27/2023,AQS,371830014,3,10.1,ppb,9,Millbrook School,23,96,42602,Nitrogen dioxide (NO2),39580,"Raleigh, NC",37,North Carolina,183,Wake,35.856111,-78.574167
2/28/2023,AQS,371830014,3,36.3,ppb,34,Millbrook School,23,96,42602,Nitrogen dioxide (NO2),39580,"Raleigh, NC",37,North Carolina,183,Wake,35.856111,-78.574167
3/1/2023,AQS,371830014,3,24.6,ppb,23,Millbrook School,21,88,42602,Nitrogen dioxide (NO2),39580,"Raleigh, NC",37,North Carolina,183,Wake,35.856111,-78.574167
3/2/2023,AQS,371830014,3,21.3,ppb,20,Millbrook School,23,96,42602,Nitrogen dioxide (NO2),39580,"Raleigh, NC",37,North Carolina,183,Wake,35.856111,-78.574167
3/3/2023,AQS,371830014,3,13.6,ppb,12,Millbrook School,23,96,42602,Nitrogen dioxide (NO2),39580,"Raleigh, NC",37,North Carolina,183,Wake,35.856111,-78.574167
3/4/2023,AQS,371830014,3,6.6,ppb,6,Millbrook School,23,96,42602,Nitrogen dioxide (NO2),39580,"Raleigh, NC",37,North Carolina,183,Wake,35.856111,-78.574167
3/5/2023,AQS,371830014,3,24.9,ppb,23,Millbrook School,23,96,42602,Nitrogen dioxide (NO2),39580,"Raleigh, NC",37,North Carolina,183,Wake,35.856111,-78.574167
3/6/2023,AQS,371830014,3,24.2,ppb,23,Millbrook School,23,96,42602,Nitrogen dioxide (NO2),39580,"Raleigh, NC",37,North Carolina,183,Wake,35.856111,-78.574167
3/7/2023,AQS,371830014,3,6.7,ppb,6,Millbrook School,23,96,42602,Nitrogen dioxide (NO2),39580,"Raleigh, NC",37,North Carolina,183,Wake,35.856111,-78.574167
3/8/2023,AQS,371830014,3,22,ppb,21,Millbrook School,23,96,42602,Nitrogen dioxide (NO2),39580,"Raleigh, NC",37,North Carolina,183,Wake,35.856111,-78.574167
3/9/2023,AQS,371830014,3,23.1,ppb,22,Millbrook School,23,96,42602,Nitrogen dioxide (NO2),39580,"Raleigh, NC",37,North Carolina,183,Wake,35.856111,-78.574167
3/10/2023,AQS,371830014,3,18.3,ppb,17,Millbrook School,23,96,42602,Nitrogen dioxide (NO2),39580,"Raleigh, NC",37,North Carolina,183,Wake,35.856111,-78.574167
3/11/2023,AQS,371830014,3,5.7,ppb,5,Millbrook School,23,96,42602,Nitrogen dioxide (NO2),39580,"Raleigh, NC",37,North Carolina,183,Wake,35.856111,-78.574167
3/12/2023,AQS,371830014,3,5,ppb,5,Millbrook School,23,96,42602,Nitrogen dioxide (NO2),39580,"Raleigh, NC",37,North Carolina,183,Wake,35.856111,-78.574167
3/13/2023,AQS,371830014,3,4.3,ppb,4,Millbrook School,23,96,42602,Nitrogen dioxide (NO2),39580,"Raleigh, NC",37,North Carolina,183,Wake,35.856111,-78.574167
3/14/2023,AQS,371830014,3,8.1,ppb,8,Millbrook School,23,96,42602,Nitrogen dioxide (NO2),39580,"Raleigh, NC",37,North Carolina,183,Wake,35.856111,-78.574167
3/15/2023,AQS,371830014,3,22.5,ppb,21,Millbrook School,22,92,42602,Nitrogen dioxide (NO2),39580,"Raleigh, NC",37,North Carolina,183,Wake,35.856111,-78.574167
3/16/2023,AQS,371830014,3,28.4,ppb,26,Millbrook School,19,79,42602,Nitrogen dioxide (NO2),39580,"Raleigh, NC",37,North Carolina,183,Wake,35.856111,-78.574167
3/17/2023,AQS,371830014,3,11.6,ppb,10,Millbrook School,23,96,42602,Nitrogen dioxide (NO2),39580,"Raleigh, NC",37,North Carolina,183,Wake,35.856111,-78.574167
3/18/2023,AQS,371830014,3,5.4,ppb,5,Millbrook School,23,96,42602,Nitrogen dioxide (NO2),39580,"Raleigh, NC",37,North Carolina,183,Wake,35.856111,-78.574167
3/19/2023,AQS,371830014,3,6.4,ppb,6,Millbrook School,23,96,42602,Nitrogen dioxide (NO2),39580,"Raleigh, NC",37,North Carolina,183,Wake,35.856111,-78.574167
3/20/2023,AQS,371830014,3,24.6,ppb,23,Millbrook School,23,96,42602,Nitrogen dioxide (NO2),39580,"Raleigh, NC",37,North Carolina,183,Wake,35.856111,-78.574167
3/21/2023,AQS,371830014,3,26.7,ppb,25,Millbrook School,23,96,42602,Nitrogen dioxide (NO2),39580,"Raleigh, NC",37,North Carolina,183,Wake,35.856111,-78.574167
3/22/2023,AQS,371830014,3,28.4,ppb,26,Millbrook School,23,96,42602,Nitrogen dioxide (NO2),39580,"Raleigh, NC",37,North Carolina,183,Wake,35.856111,-78.574167
3/23/2023,AQS,371830014,3,11.7,ppb,10,Millbrook School,23,96,42602,Nitrogen dioxide (NO2),39580,"Raleigh, NC",37,North Carolina,183,Wake,35.856111,-78.574167
3/24/2023,AQS,371830014,3,14.1,ppb,13,Millbrook School,23,96,42602,Nitrogen dioxide (NO2),39580,"Raleigh, NC",37,North Carolina,183,Wake,35.856111,-78.574167
3/25/2023,AQS,371830014,3,6.3,ppb,6,Millbrook School,23,96,42602,Nitrogen dioxide (NO2),39580,"Raleigh, NC",37,North Carolina,183,Wake,35.856111,-78.574167
3/26/2023,AQS,371830014,3,10.3,ppb,9,Millbrook School,23,96,42602,Nitrogen dioxide (NO2),39580,"Raleigh, NC",37,North Carolina,183,Wake,35.856111,-78.574167
3/27/2023,AQS,371830014,3,11.1,ppb,10,Millbrook School,23,96,42602,Nitrogen dioxide (NO2),39580,"Raleigh, NC",37,North Carolina,183,Wake,35.856111,-78.574167
3/28/2023,AQS,371830014,3,15.3,ppb,14,Millbrook School,23,96,42602,Nitrogen dioxide (NO2),39580,"Raleigh, NC",37,North Carolina,183,Wake,35.856111,-78.574167
3/29/2023,AQS,371830014,3,15.6,ppb,14,Millbrook School,21,88,42602,Nitrogen dioxide (NO2),39580,"Raleigh, NC",37,North Carolina,183,Wake,35.856111,-78.574167
3/30/2023,AQS,371830014,3,15.7,ppb,14,Millbrook School,23,96,42602,Nitrogen dioxide (NO2),39580,"Raleigh, NC",37,North Carolina,183,Wake,35.856111,-78.574167
3/31/2023,AQS,371830014,3,14.2,ppb,13,Millbrook School,23,96,42602,Nitrogen dioxide (NO2),39580,"Raleigh, NC",37,North Carolina,183,Wake,35.856111,-78.574167
4/1/2023,AQS,371830014,3,2.9,ppb,2,Millbrook School,23,96,42602,Nitrogen dioxide (NO2),39580,"Raleigh, NC",37,North Carolina,183,Wake,35.856111,-78.574167
4/2/2023,AQS,371830014,3,19.7,ppb,18,Millbrook School,23,96,42602,Nitrogen dioxide (NO2),39580,"Raleigh, NC",37,North Carolina,183,Wake,35.856111,-78.574167
4/3/2023,AQS,371830014,3,17.8,ppb,16,Millbrook School,23,96,42602,Nitrogen dioxide (NO2),39580,"Raleigh, NC",37,North Carolina,183,Wake,35.856111,-78.574167
4/4/2023,AQS,371830014,3,12.7,ppb,11,Millbrook School,23,96,42602,Nitrogen dioxide (NO2),39580,"Raleigh, NC",37,North Carolina,183,Wake,35.856111,-78.574167
4/5/2023,AQS,371830014,3,10.1,ppb,9,Millbrook School,23,96,42602,Nitrogen dioxide (NO2),39580,"Raleigh, NC",37,North Carolina,183,Wake,35.856111,-78.574167
4/6/2023,AQS,371830014,3,11.6,ppb,10,Millbrook School,23,96,42602,Nitrogen dioxide (NO2),39580,"Raleigh, NC",37,North Carolina,183,Wake,35.856111,-78.574167
4/7/2023,AQS,371830014,3,4.1,ppb,4,Millbrook School,23,96,42602,Nitrogen dioxide (NO2),39580,"Raleigh, NC",37,North Carolina,183,Wake,35.856111,-78.574167
4/8/2023,AQS,371830014,3,3.3,ppb,3,Millbrook School,23,96,42602,Nitrogen dioxide (NO2),39580,"Raleigh, NC",37,North Carolina,183,Wake,35.856111,-78.574167
4/9/2023,AQS,371830014,3,2.2,ppb,2,Millbrook School,23,96,42602,Nitrogen dioxide (NO2),39580,"Raleigh, NC",37,North Carolina,183,Wake,35.856111,-78.574167
4/10/2023,AQS,371830014,3,17.8,ppb,16,Millbrook School,23,96,42602,Nitrogen dioxide (NO2),39580,"Raleigh, NC",37,North Carolina,183,Wake,35.856111,-78.574167
4/11/2023,AQS,371830014,3,20,ppb,19,Millbrook School,20,83,42602,Nitrogen dioxide (NO2),39580,"Raleigh, NC",37,North Carolina,183,Wake,35.856111,-78.574167
4/12/2023,AQS,371830014,3,32.8,ppb,30,Millbrook School,22,92,42602,Nitrogen dioxide (NO2),39580,"Raleigh, NC",37,North Carolina,183,Wake,35.856111,-78.574167
4/13/2023,AQS,371830014,3,19.7,ppb,18,Millbrook School,23,96,42602,Nitrogen dioxide (NO2),39580,"Raleigh, NC",37,North Carolina,183,Wake,35.856111,-78.574167
4/14/2023,AQS,371830014,3,11.4,ppb,10,Millbrook School,23,96,42602,Nitrogen dioxide (NO2),39580,"Raleigh, NC",37,North Carolina,183,Wake,35.856111,-78.574167
4/15/2023,AQS,371830014,3,19.4,ppb,18,Millbrook School,23,96,42602,Nitrogen dioxide (NO2),39580,"Raleigh, NC",37,North Carolina,183,Wake,35.856111,-78.574167
4/16/2023,AQS,371830014,3,17.3,ppb,16,Millbrook School,23,96,42602,Nitrogen dioxide (NO2),39580,"Raleigh, NC",37,North Carolina,183,Wake,35.856111,-78.574167
4/17/2023,AQS,371830014,3,15.5,ppb,14,Millbrook School,23,96,42602,Nitrogen dioxide (NO2),39580,"Raleigh, NC",37,North Carolina,183,Wake,35.856111,-78.574167
4/18/2023,AQS,371830014,3,23.1,ppb,22,Millbrook School,23,96,42602,Nitrogen dioxide (NO2),39580,"Raleigh, NC",37,North Carolina,183,Wake,35.856111,-78.574167
4/19/2023,AQS,371830014,3,24,ppb,23,Millbrook School,23,96,42602,Nitrogen dioxide (NO2),39580,"Raleigh, NC",37,North Carolina,183,Wake,35.856111,-78.574167
4/20/2023,AQS,371830014,3,23.2,ppb,22,Millbrook School,23,96,42602,Nitrogen dioxide (NO2),39580,"Raleigh, NC",37,North Carolina,183,Wake,35.856111,-78.574167
4/21/2023,AQS,371830014,3,20.2,ppb,19,Millbrook School,23,96,42602,Nitrogen dioxide (NO2),39580,"Raleigh, NC",37,North Carolina,183,Wake,35.856111,-78.574167
4/22/2023,AQS,371830014,3,6.7,ppb,6,Millbrook School,23,96,42602,Nitrogen dioxide (NO2),39580,"Raleigh, NC",37,North Carolina,183,Wake,35.856111,-78.574167
4/23/2023,AQS,371830014,3,12,ppb,11,Millbrook School,23,96,42602,Nitrogen dioxide (NO2),39580,"Raleigh, NC",37,North Carolina,183,Wake,35.856111,-78.574167
4/24/2023,AQS,371830014,3,14.4,ppb,13,Millbrook School,23,96,42602,Nitrogen dioxide (NO2),39580,"Raleigh, NC",37,North Carolina,183,Wake,35.856111,-78.574167
4/25/2023,AQS,371830014,3,12.5,ppb,11,Millbrook School,20,83,42602,Nitrogen dioxide (NO2),39580,"Raleigh, NC",37,North Carolina,183,Wake,35.856111,-78.574167
4/26/2023,AQS,371830014,3,15.2,ppb,14,Millbrook School,23,96,42602,Nitrogen dioxide (NO2),39580,"Raleigh, NC",37,North Carolina,183,Wake,35.856111,-78.574167
4/27/2023,AQS,371830014,3,6,ppb,6,Millbrook School,23,96,42602,Nitrogen dioxide (NO2),39580,"Raleigh, NC",37,North Carolina,183,Wake,35.856111,-78.574167
4/28/2023,AQS,371830014,3,6.8,ppb,6,Millbrook School,23,96,42602,Nitrogen dioxide (NO2),39580,"Raleigh, NC",37,North Carolina,183,Wake,35.856111,-78.574167
4/29/2023,AQS,371830014,3,11,ppb,10,Millbrook School,23,96,42602,Nitrogen dioxide (NO2),39580,"Raleigh, NC",37,North Carolina,183,Wake,35.856111,-78.574167
4/30/2023,AQS,371830014,3,5.3,ppb,5,Millbrook School,23,96,42602,Nitrogen dioxide (NO2),39580,"Raleigh, NC",37,North Carolina,183,Wake,35.856111,-78.574167
5/1/2023,AQS,371830014,3,9.2,ppb,8,Millbrook School,23,96,42602,Nitrogen dioxide (NO2),39580,"Raleigh, NC",37,North Carolina,183,Wake,35.856111,-78.574167
5/2/2023,AQS,371830014,3,12.3,ppb,11,Millbrook School,23,96,42602,Nitrogen dioxide (NO2),39580,"Raleigh, NC",37,North Carolina,183,Wake,35.856111,-78.574167
5/3/2023,AQS,371830014,3,8.9,ppb,8,Millbrook School,23,96,42602,Nitrogen dioxide (NO2),39580,"Raleigh, NC",37,North Carolina,183,Wake,35.856111,-78.574167
5/4/2023,AQS,371830014,3,17.7,ppb,16,Millbrook School,23,96,42602,Nitrogen dioxide (NO2),39580,"Raleigh, NC",37,North Carolina,183,Wake,35.856111,-78.574167
5/5/2023,AQS,371830014,3,16.4,ppb,15,Millbrook School,23,96,42602,Nitrogen dioxide (NO2),39580,"Raleigh, NC",37,North Carolina,183,Wake,35.856111,-78.574167
5/6/2023,AQS,371830014,3,15.2,ppb,14,Millbrook School,23,96,42602,Nitrogen dioxide (NO2),39580,"Raleigh, NC",37,North Carolina,183,Wake,35.856111,-78.574167
5/7/2023,AQS,371830014,3,7,ppb,7,Millbrook School,23,96,42602,Nitrogen dioxide (NO2),39580,"Raleigh, NC",37,North Carolina,183,Wake,35.856111,-78.574167
5/8/2023,AQS,371830014,3,12.1,ppb,11,Millbrook School,23,96,42602,Nitrogen dioxide (NO2),39580,"Raleigh, NC",37,North Carolina,183,Wake,35.856111,-78.574167
5/9/2023,AQS,371830014,3,12.9,ppb,11,Millbrook School,20,83,42602,Nitrogen dioxide (NO2),39580,"Raleigh, NC",37,North Carolina,183,Wake,35.856111,-78.574167
5/10/2023,AQS,371830014,3,13.3,ppb,12,Millbrook School,23,96,42602,Nitrogen dioxide (NO2),39580,"Raleigh, NC",37,North Carolina,183,Wake,35.856111,-78.574167
5/11/2023,AQS,371830014,3,17.8,ppb,16,Millbrook School,22,92,42602,Nitrogen dioxide (NO2),39580,"Raleigh, NC",37,North Carolina,183,Wake,35.856111,-78.574167
5/12/2023,AQS,371830014,3,12.4,ppb,11,Millbrook School,23,96,42602,Nitrogen dioxide (NO2),39580,"Raleigh, NC",37,North Carolina,183,Wake,35.856111,-78.574167
5/13/2023,AQS,371830014,3,10.2,ppb,9,Millbrook School,23,96,42602,Nitrogen dioxide (NO2),39580,"Raleigh, NC",37,North Carolina,183,Wake,35.856111,-78.574167
5/14/2023,AQS,371830014,3,5.1,ppb,5,Millbrook School,23,96,42602,Nitrogen dioxide (NO2),39580,"Raleigh, NC",37,North Carolina,183,Wake,35.856111,-78.574167
5/15/2023,AQS,371830014,3,9.9,ppb,8,Millbrook School,23,96,42602,Nitrogen dioxide (NO2),39580,"Raleigh, NC",37,North Carolina,183,Wake,35.856111,-78.574167
5/16/2023,AQS,371830014,3,9.8,ppb,8,Millbrook School,23,96,42602,Nitrogen dioxide (NO2),39580,"Raleigh, NC",37,North Carolina,183,Wake,35.856111,-78.574167
5/17/2023,AQS,371830014,3,6.4,ppb,6,Millbrook School,23,96,42602,Nitrogen dioxide (NO2),39580,"Raleigh, NC",37,North Carolina,183,Wake,35.856111,-78.574167
5/18/2023,AQS,371830014,3,3.3,ppb,3,Millbrook School,23,96,42602,Nitrogen dioxide (NO2),39580,"Raleigh, NC",37,North Carolina,183,Wake,35.856111,-78.574167
5/19/2023,AQS,371830014,3,3.6,ppb,3,Millbrook School,23,96,42602,Nitrogen dioxide (NO2),39580,"Raleigh, NC",37,North Carolina,183,Wake,35.856111,-78.574167
5/20/2023,AQS,371830014,3,5.2,ppb,5,Millbrook School,23,96,42602,Nitrogen dioxide (NO2),39580,"Raleigh, NC",37,North Carolina,183,Wake,35.856111,-78.574167
5/21/2023,AQS,371830014,3,12.2,ppb,11,Millbrook School,23,96,42602,Nitrogen dioxide (NO2),39580,"Raleigh, NC",37,North Carolina,183,Wake,35.856111,-78.574167
5/22/2023,AQS,371830014,3,13.8,ppb,12,Millbrook School,23,96,42602,Nitrogen dioxide (NO2),39580,"Raleigh, NC",37,North Carolina,183,Wake,35.856111,-78.574167
5/26/2023,AQS,371830014,3,5.4,ppb,5,Millbrook School,23,96,42602,Nitrogen dioxide (NO2),39580,"Raleigh, NC",37,North Carolina,183,Wake,35.856111,-78.574167
5/27/2023,AQS,371830014,3,2.3,ppb,2,Millbrook School,23,96,42602,Nitrogen dioxide (NO2),39580,"Raleigh, NC",37,North Carolina,183,Wake,35.856111,-78.574167
5/28/2023,AQS,371830014,3,2.2,ppb,2,Millbrook School,23,96,42602,Nitrogen dioxide (NO2),39580,"Raleigh, NC",37,North Carolina,183,Wake,35.856111,-78.574167
5/29/2023,AQS,371830014,3,9.2,ppb,8,Millbrook School,23,96,42602,Nitrogen dioxide (NO2),39580,"Raleigh, NC",37,North Carolina,183,Wake,35.856111,-78.574167
5/30/2023,AQS,371830014,3,7.7,ppb,7,Millbrook School,23,96,42602,Nitrogen dioxide (NO2),39580,"Raleigh, NC",37,North Carolina,183,Wake,35.856111,-78.574167
5/31/2023,AQS,371830014,3,5.2,ppb,5,Millbrook School,23,96,42602,Nitrogen dioxide (NO2),39580,"Raleigh, NC",37,North Carolina,183,Wake,35.856111,-78.574167
6/1/2023,AQS,371830014,3,7.4,ppb,7,Millbrook School,23,96,42602,Nitrogen dioxide (NO2),39580,"Raleigh, NC",37,North Carolina,183,Wake,35.856111,-78.574167
6/2/2023,AQS,371830014,3,13.5,ppb,12,Millbrook School,23,96,42602,Nitrogen dioxide (NO2),39580,"Raleigh, NC",37,North Carolina,183,Wake,35.856111,-78.574167
6/3/2023,AQS,371830014,3,10.6,ppb,9,Millbrook School,23,96,42602,Nitrogen dioxide (NO2),39580,"Raleigh, NC",37,North Carolina,183,Wake,35.856111,-78.574167
6/4/2023,AQS,371830014,3,8.9,ppb,8,Millbrook School,23,96,42602,Nitrogen dioxide (NO2),39580,"Raleigh, NC",37,North Carolina,183,Wake,35.856111,-78.574167
6/5/2023,AQS,371830014,3,19.5,ppb,18,Millbrook School,23,96,42602,Nitrogen dioxide (NO2),39580,"Raleigh, NC",37,North Carolina,183,Wake,35.856111,-78.574167
6/6/2023,AQS,371830014,3,23.5,ppb,22,Millbrook School,23,96,42602,Nitrogen dioxide (NO2),39580,"Raleigh, NC",37,North Carolina,183,Wake,35.856111,-78.574167
6/7/2023,AQS,371830014,3,16.6,ppb,15,Millbrook School,23,96,42602,Nitrogen dioxide (NO2),39580,"Raleigh, NC",37,North Carolina,183,Wake,35.856111,-78.574167
6/8/2023,AQS,371830014,3,24.7,ppb,23,Millbrook School,21,88,42602,Nitrogen dioxide (NO2),39580,"Raleigh, NC",37,North Carolina,183,Wake,35.856111,-78.574167
6/10/2023,AQS,371830014,3,31.1,ppb,29,Millbrook School,23,96,42602,Nitrogen dioxide (NO2),39580,"Raleigh, NC",37,North Carolina,183,Wake,35.856111,-78.574167
6/11/2023,AQS,371830014,3,9.1,ppb,8,Millbrook School,23,96,42602,Nitrogen dioxide (NO2),39580,"Raleigh, NC",37,North Carolina,183,Wake,35.856111,-78.574167
6/12/2023,AQS,371830014,3,6.6,ppb,6,Millbrook School,23,96,42602,Nitrogen dioxide (NO2),39580,"Raleigh, NC",37,North Carolina,183,Wake,35.856111,-78.574167
6/13/2023,AQS,371830014,3,18.7,ppb,17,Millbrook School,23,96,42602,Nitrogen dioxide (NO2),39580,"Raleigh, NC",37,North Carolina,183,Wake,35.856111,-78.574167
6/14/2023,AQS,371830014,3,13.6,ppb,12,Millbrook School,21,88,42602,Nitrogen dioxide (NO2),39580,"Raleigh, NC",37,North Carolina,183,Wake,35.856111,-78.574167
6/15/2023,AQS,371830014,3,10.4,ppb,9,Millbrook School,23,96,42602,Nitrogen dioxide (NO2),39580,"Raleigh, NC",37,North Carolina,183,Wake,35.856111,-78.574167
6/16/2023,AQS,371830014,3,11.2,ppb,10,Millbrook School,23,96,42602,Nitrogen dioxide (NO2),39580,"Raleigh, NC",37,North Carolina,183,Wake,35.856111,-78.574167
6/17/2023,AQS,371830014,3,15.2,ppb,14,Millbrook School,23,96,42602,Nitrogen dioxide (NO2),39580,"Raleigh, NC",37,North Carolina,183,Wake,35.856111,-78.574167
6/18/2023,AQS,371830014,3,17.4,ppb,16,Millbrook School,23,96,42602,Nitrogen dioxide (NO2),39580,"Raleigh, NC",37,North Carolina,183,Wake,35.856111,-78.574167
6/19/2023,AQS,371830014,3,11.1,ppb,10,Millbrook School,20,83,42602,Nitrogen dioxide (NO2),39580,"Raleigh, NC",37,North Carolina,183,Wake,35.856111,-78.574167
6/20/2023,AQS,371830014,3,10.1,ppb,9,Millbrook School,19,79,42602,Nitrogen dioxide (NO2),39580,"Raleigh, NC",37,North Carolina,183,Wake,35.856111,-78.574167
6/21/2023,AQS,371830014,3,3.2,ppb,3,Millbrook School,22,92,42602,Nitrogen dioxide (NO2),39580,"Raleigh, NC",37,North Carolina,183,Wake,35.856111,-78.574167
6/22/2023,AQS,371830014,3,7,ppb,7,Millbrook School,22,92,42602,Nitrogen dioxide (NO2),39580,"Raleigh, NC",37,North Carolina,183,Wake,35.856111,-78.574167
6/23/2023,AQS,371830014,3,8.1,ppb,8,Millbrook School,22,92,42602,Nitrogen dioxide (NO2),39580,"Raleigh, NC",37,North Carolina,183,Wake,35.856111,-78.574167
6/24/2023,AQS,371830014,3,5.6,ppb,5,Millbrook School,22,92,42602,Nitrogen dioxide (NO2),39580,"Raleigh, NC",37,North Carolina,183,Wake,35.856111,-78.574167
6/25/2023,AQS,371830014,3,13.9,ppb,12,Millbrook School,22,92,42602,Nitrogen dioxide (NO2),39580,"Raleigh, NC",37,North Carolina,183,Wake,35.856111,-78.574167
6/26/2023,AQS,371830014,3,6.6,ppb,6,Millbrook School,18,75,42602,Nitrogen dioxide (NO2),39580,"Raleigh, NC",37,North Carolina,183,Wake,35.856111,-78.574167
6/27/2023,AQS,371830014,3,11.2,ppb,10,Millbrook School,22,92,42602,Nitrogen dioxide (NO2),39580,"Raleigh, NC",37,North Carolina,183,Wake,35.856111,-78.574167
6/28/2023,AQS,371830014,3,9.9,ppb,8,Millbrook School,22,92,42602,Nitrogen dioxide (NO2),39580,"Raleigh, NC",37,North Carolina,183,Wake,35.856111,-78.574167
6/29/2023,AQS,371830014,3,12.2,ppb,11,Millbrook School,23,96,42602,Nitrogen dioxide (NO2),39580,"Raleigh, NC",37,North Carolina,183,Wake,35.856111,-78.574167
6/30/2023,AQS,371830014,3,12.2,ppb,11,Millbrook School,23,96,42602,Nitrogen dioxide (NO2),39580,"Raleigh, NC",37,North Carolina,183,Wake,35.856111,-78.574167
7/1/2023,AQS,371830014,3,8.3,ppb,8,Millbrook School,23,96,42602,Nitrogen dioxide (NO2),39580,"Raleigh, NC",37,North Carolina,183,Wake,35.856111,-78.574167
7/2/2023,AQS,371830014,3,5.7,ppb,5,Millbrook School,23,96,42602,Nitrogen dioxide (NO2),39580,"Raleigh, NC",37,North Carolina,183,Wake,35.856111,-78.574167
7/3/2023,AQS,371830014,3,6.8,ppb,6,Millbrook School,23,96,42602,Nitrogen dioxide (NO2),39580,"Raleigh, NC",37,North Carolina,183,Wake,35.856111,-78.574167
7/4/2023,AQS,371830014,3,14.8,ppb,13,Millbrook School,23,96,42602,Nitrogen dioxide (NO2),39580,"Raleigh, NC",37,North Carolina,183,Wake,35.856111,-78.574167
7/5/2023,AQS,371830014,3,6.2,ppb,6,Millbrook School,23,96,42602,Nitrogen dioxide (NO2),39580,"Raleigh, NC",37,North Carolina,183,Wake,35.856111,-78.574167
7/6/2023,AQS,371830014,3,10.8,ppb,9,Millbrook School,23,96,42602,Nitrogen dioxide (NO2),39580,"Raleigh, NC",37,North Carolina,183,Wake,35.856111,-78.574167
7/7/2023,AQS,371830014,3,7.8,ppb,7,Millbrook School,23,96,42602,Nitrogen dioxide (NO2),39580,"Raleigh, NC",37,North Carolina,183,Wake,35.856111,-78.574167
7/8/2023,AQS,371830014,3,10.3,ppb,9,Millbrook School,23,96,42602,Nitrogen dioxide (NO2),39580,"Raleigh, NC",37,North Carolina,183,Wake,35.856111,-78.574167
7/9/2023,AQS,371830014,3,10,ppb,9,Millbrook School,23,96,42602,Nitrogen dioxide (NO2),39580,"Raleigh, NC",37,North Carolina,183,Wake,35.856111,-78.574167
7/10/2023,AQS,371830014,3,8.5,ppb,8,Millbrook School,20,83,42602,Nitrogen dioxide (NO2),39580,"Raleigh, NC",37,North Carolina,183,Wake,35.856111,-78.574167
7/11/2023,AQS,371830014,3,14.9,ppb,13,Millbrook School,23,96,42602,Nitrogen dioxide (NO2),39580,"Raleigh, NC",37,North Carolina,183,Wake,35.856111,-78.574167
7/12/2023,AQS,371830014,3,16.4,ppb,15,Millbrook School,23,96,42602,Nitrogen dioxide (NO2),39580,"Raleigh, NC",37,North Carolina,183,Wake,35.856111,-78.574167
7/13/2023,AQS,371830014,3,8.2,ppb,8,Millbrook School,23,96,42602,Nitrogen dioxide (NO2),39580,"Raleigh, NC",37,North Carolina,183,Wake,35.856111,-78.574167
7/14/2023,AQS,371830014,3,6.4,ppb,6,Millbrook School,23,96,42602,Nitrogen dioxide (NO2),39580,"Raleigh, NC",37,North Carolina,183,Wake,35.856111,-78.574167
7/15/2023,AQS,371830014,3,4.8,ppb,4,Millbrook School,23,96,42602,Nitrogen dioxide (NO2),39580,"Raleigh, NC",37,North Carolina,183,Wake,35.856111,-78.574167
7/16/2023,AQS,371830014,3,10.1,ppb,9,Millbrook School,23,96,42602,Nitrogen dioxide (NO2),39580,"Raleigh, NC",37,North Carolina,183,Wake,35.856111,-78.574167
7/17/2023,AQS,371830014,3,16.8,ppb,15,Millbrook School,23,96,42602,Nitrogen dioxide (NO2),39580,"Raleigh, NC",37,North Carolina,183,Wake,35.856111,-78.574167
7/18/2023,AQS,371830014,3,13.6,ppb,12,Millbrook School,23,96,42602,Nitrogen dioxide (NO2),39580,"Raleigh, NC",37,North Carolina,183,Wake,35.856111,-78.574167
7/19/2023,AQS,371830014,3,11.9,ppb,10,Millbrook School,21,88,42602,Nitrogen dioxide (NO2),39580,"Raleigh, NC",37,North Carolina,183,Wake,35.856111,-78.574167
7/20/2023,AQS,371830014,3,11.5,ppb,10,Millbrook School,23,96,42602,Nitrogen dioxide (NO2),39580,"Raleigh, NC",37,North Carolina,183,Wake,35.856111,-78.574167
7/21/2023,AQS,371830014,3,10.3,ppb,9,Millbrook School,23,96,42602,Nitrogen dioxide (NO2),39580,"Raleigh, NC",37,North Carolina,183,Wake,35.856111,-78.574167
7/22/2023,AQS,371830014,3,10.9,ppb,9,Millbrook School,23,96,42602,Nitrogen dioxide (NO2),39580,"Raleigh, NC",37,North Carolina,183,Wake,35.856111,-78.574167
7/23/2023,AQS,371830014,3,8.6,ppb,8,Millbrook School,23,96,42602,Nitrogen dioxide (NO2),39580,"Raleigh, NC",37,North Carolina,183,Wake,35.856111,-78.574167
7/24/2023,AQS,371830014,3,15.3,ppb,14,Millbrook School,23,96,42602,Nitrogen dioxide (NO2),39580,"Raleigh, NC",37,North Carolina,183,Wake,35.856111,-78.574167
7/25/2023,AQS,371830014,3,14.9,ppb,13,Millbrook School,23,96,42602,Nitrogen dioxide (NO2),39580,"Raleigh, NC",37,North Carolina,183,Wake,35.856111,-78.574167
7/26/2023,AQS,371830014,3,14.1,ppb,13,Millbrook School,23,96,42602,Nitrogen dioxide (NO2),39580,"Raleigh, NC",37,North Carolina,183,Wake,35.856111,-78.574167
7/27/2023,AQS,371830014,3,9.5,ppb,8,Millbrook School,23,96,42602,Nitrogen dioxide (NO2),39580,"Raleigh, NC",37,North Carolina,183,Wake,35.856111,-78.574167
7/28/2023,AQS,371830014,3,6.4,ppb,6,Millbrook School,23,96,42602,Nitrogen dioxide (NO2),39580,"Raleigh, NC",37,North Carolina,183,Wake,35.856111,-78.574167
7/29/2023,AQS,371830014,3,5.1,ppb,5,Millbrook School,23,96,42602,Nitrogen dioxide (NO2),39580,"Raleigh, NC",37,North Carolina,183,Wake,35.856111,-78.574167
7/30/2023,AQS,371830014,3,3.5,ppb,3,Millbrook School,23,96,42602,Nitrogen dioxide (NO2),39580,"Raleigh, NC",37,North Carolina,183,Wake,35.856111,-78.574167
7/31/2023,AQS,371830014,3,7.1,ppb,7,Millbrook School,23,96,42602,Nitrogen dioxide (NO2),39580,"Raleigh, NC",37,North Carolina,183,Wake,35.856111,-78.574167
8/1/2023,AQS,371830014,3,7.1,ppb,7,Millbrook School,23,96,42602,Nitrogen dioxide (NO2),39580,"Raleigh, NC",37,North Carolina,183,Wake,35.856111,-78.574167
8/2/2023,AQS,371830014,3,11.1,ppb,10,Millbrook School,21,88,42602,Nitrogen dioxide (NO2),39580,"Raleigh, NC",37,North Carolina,183,Wake,35.856111,-78.574167
8/3/2023,AQS,371830014,3,11.8,ppb,10,Millbrook School,23,96,42602,Nitrogen dioxide (NO2),39580,"Raleigh, NC",37,North Carolina,183,Wake,35.856111,-78.574167
8/4/2023,AQS,371830014,3,7.6,ppb,7,Millbrook School,23,96,42602,Nitrogen dioxide (NO2),39580,"Raleigh, NC",37,North Carolina,183,Wake,35.856111,-78.574167
8/5/2023,AQS,371830014,3,10.3,ppb,9,Millbrook School,23,96,42602,Nitrogen dioxide (NO2),39580,"Raleigh, NC",37,North Carolina,183,Wake,35.856111,-78.574167
8/6/2023,AQS,371830014,3,8.5,ppb,8,Millbrook School,23,96,42602,Nitrogen dioxide (NO2),39580,"Raleigh, NC",37,North Carolina,183,Wake,35.856111,-78.574167
8/7/2023,AQS,371830014,3,7.5,ppb,7,Millbrook School,18,75,42602,Nitrogen dioxide (NO2),39580,"Raleigh, NC",37,North Carolina,183,Wake,35.856111,-78.574167
8/9/2023,AQS,371830014,3,18.4,ppb,17,Millbrook School,23,96,42602,Nitrogen dioxide (NO2),39580,"Raleigh, NC",37,North Carolina,183,Wake,35.856111,-78.574167
8/10/2023,AQS,371830014,3,9.8,ppb,8,Millbrook School,23,96,42602,Nitrogen dioxide (NO2),39580,"Raleigh, NC",37,North Carolina,183,Wake,35.856111,-78.574167
8/11/2023,AQS,371830014,3,15.8,ppb,14,Millbrook School,23,96,42602,Nitrogen dioxide (NO2),39580,"Raleigh, NC",37,North Carolina,183,Wake,35.856111,-78.574167
8/12/2023,AQS,371830014,3,17,ppb,16,Millbrook School,23,96,42602,Nitrogen dioxide (NO2),39580,"Raleigh, NC",37,North Carolina,183,Wake,35.856111,-78.574167
8/13/2023,AQS,371830014,3,12.9,ppb,11,Millbrook School,23,96,42602,Nitrogen dioxide (NO2),39580,"Raleigh, NC",37,North Carolina,183,Wake,35.856111,-78.574167
8/14/2023,AQS,371830014,3,12,ppb,11,Millbrook School,23,96,42602,Nitrogen dioxide (NO2),39580,"Raleigh, NC",37,North Carolina,183,Wake,35.856111,-78.574167
8/15/2023,AQS,371830014,3,7.7,ppb,7,Millbrook School,23,96,42602,Nitrogen dioxide (NO2),39580,"Raleigh, NC",37,North Carolina,183,Wake,35.856111,-78.574167
8/16/2023,AQS,371830014,3,8.2,ppb,8,Millbrook School,19,79,42602,Nitrogen dioxide (NO2),39580,"Raleigh, NC",37,North Carolina,183,Wake,35.856111,-78.574167
8/17/2023,AQS,371830014,3,9.7,ppb,8,Millbrook School,23,96,42602,Nitrogen dioxide (NO2),39580,"Raleigh, NC",37,North Carolina,183,Wake,35.856111,-78.574167
8/18/2023,AQS,371830014,3,13.6,ppb,12,Millbrook School,23,96,42602,Nitrogen dioxide (NO2),39580,"Raleigh, NC",37,North Carolina,183,Wake,35.856111,-78.574167
8/19/2023,AQS,371830014,3,9.5,ppb,8,Millbrook School,23,96,42602,Nitrogen dioxide (NO2),39580,"Raleigh, NC",37,North Carolina,183,Wake,35.856111,-78.574167
8/20/2023,AQS,371830014,3,11.6,ppb,10,Millbrook School,23,96,42602,Nitrogen dioxide (NO2),39580,"Raleigh, NC",37,North Carolina,183,Wake,35.856111,-78.574167
8/21/2023,AQS,371830014,3,10,ppb,9,Millbrook School,23,96,42602,Nitrogen dioxide (NO2),39580,"Raleigh, NC",37,North Carolina,183,Wake,35.856111,-78.574167
8/22/2023,AQS,371830014,3,12.2,ppb,11,Millbrook School,23,96,42602,Nitrogen dioxide (NO2),39580,"Raleigh, NC",37,North Carolina,183,Wake,35.856111,-78.574167
8/23/2023,AQS,371830014,3,13.4,ppb,12,Millbrook School,19,79,42602,Nitrogen dioxide (NO2),39580,"Raleigh, NC",37,North Carolina,183,Wake,35.856111,-78.574167
8/24/2023,AQS,371830014,3,10.4,ppb,9,Millbrook School,21,88,42602,Nitrogen dioxide (NO2),39580,"Raleigh, NC",37,North Carolina,183,Wake,35.856111,-78.574167
8/25/2023,AQS,371830014,3,19.4,ppb,18,Millbrook School,23,96,42602,Nitrogen dioxide (NO2),39580,"Raleigh, NC",37,North Carolina,183,Wake,35.856111,-78.574167
8/27/2023,AQS,371830014,3,9.7,ppb,8,Millbrook School,24,100,42602,Nitrogen dioxide (NO2),39580,"Raleigh, NC",37,North Carolina,183,Wake,35.856111,-78.574167
8/28/2023,AQS,371830014,3,3.7,ppb,3,Millbrook School,24,100,42602,Nitrogen dioxide (NO2),39580,"Raleigh, NC",37,North Carolina,183,Wake,35.856111,-78.574167
8/29/2023,AQS,371830014,3,7.6,ppb,7,Millbrook School,23,96,42602,Nitrogen dioxide (NO2),39580,"Raleigh, NC",37,North Carolina,183,Wake,35.856111,-78.574167
8/30/2023,AQS,371830014,3,10.4,ppb,9,Millbrook School,21,88,42602,Nitrogen dioxide (NO2),39580,"Raleigh, NC",37,North Carolina,183,Wake,35.856111,-78.574167
8/31/2023,AQS,371830014,3,10.4,ppb,9,Millbrook School,23,96,42602,Nitrogen dioxide (NO2),39580,"Raleigh, NC",37,North Carolina,183,Wake,35.856111,-78.574167
9/1/2023,AQS,371830014,3,9,ppb,8,Millbrook School,23,96,42602,Nitrogen dioxide (NO2),39580,"Raleigh, NC",37,North Carolina,183,Wake,35.856111,-78.574167
9/2/2023,AQS,371830014,3,12.3,ppb,11,Millbrook School,23,96,42602,Nitrogen dioxide (NO2),39580,"Raleigh, NC",37,North Carolina,183,Wake,35.856111,-78.574167
9/3/2023,AQS,371830014,3,14.8,ppb,13,Millbrook School,23,96,42602,Nitrogen dioxide (NO2),39580,"Raleigh, NC",37,North Carolina,183,Wake,35.856111,-78.574167
9/4/2023,AQS,371830014,3,10.8,ppb,9,Millbrook School,23,96,42602,Nitrogen dioxide (NO2),39580,"Raleigh, NC",37,North Carolina,183,Wake,35.856111,-78.574167
9/5/2023,AQS,371830014,3,14.3,ppb,13,Millbrook School,23,96,42602,Nitrogen dioxide (NO2),39580,"Raleigh, NC",37,North Carolina,183,Wake,35.856111,-78.574167
9/6/2023,AQS,371830014,3,12.2,ppb,11,Millbrook School,23,96,42602,Nitrogen dioxide (NO2),39580,"Raleigh, NC",37,North Carolina,183,Wake,35.856111,-78.574167
9/7/2023,AQS,371830014,3,12.7,ppb,11,Millbrook School,23,96,42602,Nitrogen dioxide (NO2),39580,"Raleigh, NC",37,North Carolina,183,Wake,35.856111,-78.574167
9/8/2023,AQS,371830014,3,11.6,ppb,10,Millbrook School,23,96,42602,Nitrogen dioxide (NO2),39580,"Raleigh, NC",37,North Carolina,183,Wake,35.856111,-78.574167
9/9/2023,AQS,371830014,3,6.2,ppb,6,Millbrook School,23,96,42602,Nitrogen dioxide (NO2),39580,"Raleigh, NC",37,North Carolina,183,Wake,35.856111,-78.574167
9/10/2023,AQS,371830014,3,11.3,ppb,10,Millbrook School,23,96,42602,Nitrogen dioxide (NO2),39580,"Raleigh, NC",37,North Carolina,183,Wake,35.856111,-78.574167
9/11/2023,AQS,371830014,3,19.4,ppb,18,Millbrook School,23,96,42602,Nitrogen dioxide (NO2),39580,"Raleigh, NC",37,North Carolina,183,Wake,35.856111,-78.574167
9/12/2023,AQS,371830014,3,15.1,ppb,14,Millbrook School,20,83,42602,Nitrogen dioxide (NO2),39580,"Raleigh, NC",37,North Carolina,183,Wake,35.856111,-78.574167
9/13/2023,AQS,371830014,3,7.7,ppb,7,Millbrook School,22,92,42602,Nitrogen dioxide (NO2),39580,"Raleigh, NC",37,North Carolina,183,Wake,35.856111,-78.574167
9/14/2023,AQS,371830014,3,8.5,ppb,8,Millbrook School,23,96,42602,Nitrogen dioxide (NO2),39580,"Raleigh, NC",37,North Carolina,183,Wake,35.856111,-78.574167
9/15/2023,AQS,371830014,3,16.3,ppb,15,Millbrook School,23,96,42602,Nitrogen dioxide (NO2),39580,"Raleigh, NC",37,North Carolina,183,Wake,35.856111,-78.574167
9/16/2023,AQS,371830014,3,16.2,ppb,15,Millbrook School,23,96,42602,Nitrogen dioxide (NO2),39580,"Raleigh, NC",37,North Carolina,183,Wake,35.856111,-78.574167
9/17/2023,AQS,371830014,3,7.3,ppb,7,Millbrook School,23,96,42602,Nitrogen dioxide (NO2),39580,"Raleigh, NC",37,North Carolina,183,Wake,35.856111,-78.574167
9/18/2023,AQS,371830014,3,17,ppb,16,Millbrook School,23,96,42602,Nitrogen dioxide (NO2),39580,"Raleigh, NC",37,North Carolina,183,Wake,35.856111,-78.574167
9/19/2023,AQS,371830014,3,14.1,ppb,13,Millbrook School,23,96,42602,Nitrogen dioxide (NO2),39580,"Raleigh, NC",37,North Carolina,183,Wake,35.856111,-78.574167
9/20/2023,AQS,371830014,3,15.1,ppb,14,Millbrook School,23,96,42602,Nitrogen dioxide (NO2),39580,"Raleigh, NC",37,North Carolina,183,Wake,35.856111,-78.574167
9/21/2023,AQS,371830014,3,15.4,ppb,14,Millbrook School,23,96,42602,Nitrogen dioxide (NO2),39580,"Raleigh, NC",37,North Carolina,183,Wake,35.856111,-78.574167
9/22/2023,AQS,371830014,3,6.7,ppb,6,Millbrook School,23,96,42602,Nitrogen dioxide (NO2),39580,"Raleigh, NC",37,North Carolina,183,Wake,35.856111,-78.574167
9/23/2023,AQS,371830014,3,2.7,ppb,2,Millbrook School,24,100,42602,Nitrogen dioxide (NO2),39580,"Raleigh, NC",37,North Carolina,183,Wake,35.856111,-78.574167
9/24/2023,AQS,371830014,3,6.4,ppb,6,Millbrook School,24,100,42602,Nitrogen dioxide (NO2),39580,"Raleigh, NC",37,North Carolina,183,Wake,35.856111,-78.574167
9/25/2023,AQS,371830014,3,4.9,ppb,4,Millbrook School,24,100,42602,Nitrogen dioxide (NO2),39580,"Raleigh, NC",37,North Carolina,183,Wake,35.856111,-78.574167
9/26/2023,AQS,371830014,3,4.8,ppb,4,Millbrook School,21,88,42602,Nitrogen dioxide (NO2),39580,"Raleigh, NC",37,North Carolina,183,Wake,35.856111,-78.574167
9/27/2023,AQS,371830014,3,4.5,ppb,4,Millbrook School,23,96,42602,Nitrogen dioxide (NO2),39580,"Raleigh, NC",37,North Carolina,183,Wake,35.856111,-78.574167
9/28/2023,AQS,371830014,3,5.9,ppb,5,Millbrook School,23,96,42602,Nitrogen dioxide (NO2),39580,"Raleigh, NC",37,North Carolina,183,Wake,35.856111,-78.574167
9/29/2023,AQS,371830014,3,7.9,ppb,7,Millbrook School,23,96,42602,Nitrogen dioxide (NO2),39580,"Raleigh, NC",37,North Carolina,183,Wake,35.856111,-78.574167
9/30/2023,AQS,371830014,3,9.4,ppb,8,Millbrook School,23,96,42602,Nitrogen dioxide (NO2),39580,"Raleigh, NC",37,North Carolina,183,Wake,35.856111,-78.574167
1/1/2023,AQS,371830021,1,11,ppb,10,Triple Oak,23,96,42602,Nitrogen dioxide (NO2),39580,"Raleigh, NC",37,North Carolina,183,Wake,35.8652,-78.8197
1/2/2023,AQS,371830021,1,11.5,ppb,10,Triple Oak,23,96,42602,Nitrogen dioxide (NO2),39580,"Raleigh, NC",37,North Carolina,183,Wake,35.8652,-78.8197
1/3/2023,AQS,371830021,1,16.1,ppb,15,Triple Oak,18,75,42602,Nitrogen dioxide (NO2),39580,"Raleigh, NC",37,North Carolina,183,Wake,35.8652,-78.8197
1/4/2023,AQS,371830021,1,15,ppb,14,Triple Oak,23,96,42602,Nitrogen dioxide (NO2),39580,"Raleigh, NC",37,North Carolina,183,Wake,35.8652,-78.8197
1/5/2023,AQS,371830021,1,19.3,ppb,18,Triple Oak,23,96,42602,Nitrogen dioxide (NO2),39580,"Raleigh, NC",37,North Carolina,183,Wake,35.8652,-78.8197
1/6/2023,AQS,371830021,1,27.1,ppb,25,Triple Oak,23,96,42602,Nitrogen dioxide (NO2),39580,"Raleigh, NC",37,North Carolina,183,Wake,35.8652,-78.8197
1/7/2023,AQS,371830021,1,18.4,ppb,17,Triple Oak,23,96,42602,Nitrogen dioxide (NO2),39580,"Raleigh, NC",37,North Carolina,183,Wake,35.8652,-78.8197
1/8/2023,AQS,371830021,1,14.2,ppb,13,Triple Oak,23,96,42602,Nitrogen dioxide (NO2),39580,"Raleigh, NC",37,North Carolina,183,Wake,35.8652,-78.8197
1/9/2023,AQS,371830021,1,25,ppb,24,Triple Oak,23,96,42602,Nitrogen dioxide (NO2),39580,"Raleigh, NC",37,North Carolina,183,Wake,35.8652,-78.8197
1/10/2023,AQS,371830021,1,24.8,ppb,23,Triple Oak,23,96,42602,Nitrogen dioxide (NO2),39580,"Raleigh, NC",37,North Carolina,183,Wake,35.8652,-78.8197
1/11/2023,AQS,371830021,1,20.4,ppb,19,Triple Oak,23,96,42602,Nitrogen dioxide (NO2),39580,"Raleigh, NC",37,North Carolina,183,Wake,35.8652,-78.8197
1/12/2023,AQS,371830021,1,26.8,ppb,25,Triple Oak,23,96,42602,Nitrogen dioxide (NO2),39580,"Raleigh, NC",37,North Carolina,183,Wake,35.8652,-78.8197
1/13/2023,AQS,371830021,1,13.9,ppb,12,Triple Oak,23,96,42602,Nitrogen dioxide (NO2),39580,"Raleigh, NC",37,North Carolina,183,Wake,35.8652,-78.8197
1/14/2023,AQS,371830021,1,4.7,ppb,4,Triple Oak,23,96,42602,Nitrogen dioxide (NO2),39580,"Raleigh, NC",37,North Carolina,183,Wake,35.8652,-78.8197
1/15/2023,AQS,371830021,1,27.5,ppb,25,Triple Oak,23,96,42602,Nitrogen dioxide (NO2),39580,"Raleigh, NC",37,North Carolina,183,Wake,35.8652,-78.8197
1/16/2023,AQS,371830021,1,29.5,ppb,27,Triple Oak,23,96,42602,Nitrogen dioxide (NO2),39580,"Raleigh, NC",37,North Carolina,183,Wake,35.8652,-78.8197
1/17/2023,AQS,371830021,1,29.3,ppb,27,Triple Oak,18,75,42602,Nitrogen dioxide (NO2),39580,"Raleigh, NC",37,North Carolina,183,Wake,35.8652,-78.8197
1/18/2023,AQS,371830021,1,24.2,ppb,23,Triple Oak,23,96,42602,Nitrogen dioxide (NO2),39580,"Raleigh, NC",37,North Carolina,183,Wake,35.8652,-78.8197
1/19/2023,AQS,371830021,1,16.7,ppb,15,Triple Oak,23,96,42602,Nitrogen dioxide (NO2),39580,"Raleigh, NC",37,North Carolina,183,Wake,35.8652,-78.8197
1/20/2023,AQS,371830021,1,25.2,ppb,24,Triple Oak,23,96,42602,Nitrogen dioxide (NO2),39580,"Raleigh, NC",37,North Carolina,183,Wake,35.8652,-78.8197
1/21/2023,AQS,371830021,1,20.4,ppb,19,Triple Oak,23,96,42602,Nitrogen dioxide (NO2),39580,"Raleigh, NC",37,North Carolina,183,Wake,35.8652,-78.8197
1/22/2023,AQS,371830021,1,19.8,ppb,18,Triple Oak,23,96,42602,Nitrogen dioxide (NO2),39580,"Raleigh, NC",37,North Carolina,183,Wake,35.8652,-78.8197
1/23/2023,AQS,371830021,1,12.8,ppb,11,Triple Oak,23,96,42602,Nitrogen dioxide (NO2),39580,"Raleigh, NC",37,North Carolina,183,Wake,35.8652,-78.8197
1/24/2023,AQS,371830021,1,23.8,ppb,22,Triple Oak,23,96,42602,Nitrogen dioxide (NO2),39580,"Raleigh, NC",37,North Carolina,183,Wake,35.8652,-78.8197
1/25/2023,AQS,371830021,1,20.4,ppb,19,Triple Oak,23,96,42602,Nitrogen dioxide (NO2),39580,"Raleigh, NC",37,North Carolina,183,Wake,35.8652,-78.8197
1/26/2023,AQS,371830021,1,22.4,ppb,21,Triple Oak,23,96,42602,Nitrogen dioxide (NO2),39580,"Raleigh, NC",37,North Carolina,183,Wake,35.8652,-78.8197
1/27/2023,AQS,371830021,1,27.9,ppb,25,Triple Oak,23,96,42602,Nitrogen dioxide (NO2),39580,"Raleigh, NC",37,North Carolina,183,Wake,35.8652,-78.8197
1/28/2023,AQS,371830021,1,25,ppb,24,Triple Oak,23,96,42602,Nitrogen dioxide (NO2),39580,"Raleigh, NC",37,North Carolina,183,Wake,35.8652,-78.8197
1/29/2023,AQS,371830021,1,21,ppb,20,Triple Oak,23,96,42602,Nitrogen dioxide (NO2),39580,"Raleigh, NC",37,North Carolina,183,Wake,35.8652,-78.8197
1/30/2023,AQS,371830021,1,22.6,ppb,21,Triple Oak,19,79,42602,Nitrogen dioxide (NO2),39580,"Raleigh, NC",37,North Carolina,183,Wake,35.8652,-78.8197
1/31/2023,AQS,371830021,1,16.8,ppb,15,Triple Oak,23,96,42602,Nitrogen dioxide (NO2),39580,"Raleigh, NC",37,North Carolina,183,Wake,35.8652,-78.8197
2/1/2023,AQS,371830021,1,7.2,ppb,7,Triple Oak,23,96,42602,Nitrogen dioxide (NO2),39580,"Raleigh, NC",37,North Carolina,183,Wake,35.8652,-78.8197
2/2/2023,AQS,371830021,1,15.8,ppb,14,Triple Oak,23,96,42602,Nitrogen dioxide (NO2),39580,"Raleigh, NC",37,North Carolina,183,Wake,35.8652,-78.8197
2/3/2023,AQS,371830021,1,16.6,ppb,15,Triple Oak,23,96,42602,Nitrogen dioxide (NO2),39580,"Raleigh, NC",37,North Carolina,183,Wake,35.8652,-78.8197
2/4/2023,AQS,371830021,1,16.4,ppb,15,Triple Oak,23,96,42602,Nitrogen dioxide (NO2),39580,"Raleigh, NC",37,North Carolina,183,Wake,35.8652,-78.8197
2/5/2023,AQS,371830021,1,21.4,ppb,20,Triple Oak,23,96,42602,Nitrogen dioxide (NO2),39580,"Raleigh, NC",37,North Carolina,183,Wake,35.8652,-78.8197
2/6/2023,AQS,371830021,1,28.7,ppb,26,Triple Oak,23,96,42602,Nitrogen dioxide (NO2),39580,"Raleigh, NC",37,North Carolina,183,Wake,35.8652,-78.8197
2/7/2023,AQS,371830021,1,27.5,ppb,25,Triple Oak,23,96,42602,Nitrogen dioxide (NO2),39580,"Raleigh, NC",37,North Carolina,183,Wake,35.8652,-78.8197
2/8/2023,AQS,371830021,1,34.6,ppb,32,Triple Oak,23,96,42602,Nitrogen dioxide (NO2),39580,"Raleigh, NC",37,North Carolina,183,Wake,35.8652,-78.8197
2/9/2023,AQS,371830021,1,28.6,ppb,26,Triple Oak,23,96,42602,Nitrogen dioxide (NO2),39580,"Raleigh, NC",37,North Carolina,183,Wake,35.8652,-78.8197
2/10/2023,AQS,371830021,1,15.4,ppb,14,Triple Oak,23,96,42602,Nitrogen dioxide (NO2),39580,"Raleigh, NC",37,North Carolina,183,Wake,35.8652,-78.8197
2/11/2023,AQS,371830021,1,5.1,ppb,5,Triple Oak,23,96,42602,Nitrogen dioxide (NO2),39580,"Raleigh, NC",37,North Carolina,183,Wake,35.8652,-78.8197
2/12/2023,AQS,371830021,1,5.8,ppb,5,Triple Oak,23,96,42602,Nitrogen dioxide (NO2),39580,"Raleigh, NC",37,North Carolina,183,Wake,35.8652,-78.8197
2/13/2023,AQS,371830021,1,30.7,ppb,28,Triple Oak,19,79,42602,Nitrogen dioxide (NO2),39580,"Raleigh, NC",37,North Carolina,183,Wake,35.8652,-78.8197
2/14/2023,AQS,371830021,1,24.7,ppb,23,Triple Oak,23,96,42602,Nitrogen dioxide (NO2),39580,"Raleigh, NC",37,North Carolina,183,Wake,35.8652,-78.8197
2/15/2023,AQS,371830021,1,28.3,ppb,26,Triple Oak,22,92,42602,Nitrogen dioxide (NO2),39580,"Raleigh, NC",37,North Carolina,183,Wake,35.8652,-78.8197
2/16/2023,AQS,371830021,1,24,ppb,23,Triple Oak,23,96,42602,Nitrogen dioxide (NO2),39580,"Raleigh, NC",37,North Carolina,183,Wake,35.8652,-78.8197
2/17/2023,AQS,371830021,1,10.6,ppb,9,Triple Oak,23,96,42602,Nitrogen dioxide (NO2),39580,"Raleigh, NC",37,North Carolina,183,Wake,35.8652,-78.8197
2/18/2023,AQS,371830021,1,21,ppb,20,Triple Oak,23,96,42602,Nitrogen dioxide (NO2),39580,"Raleigh, NC",37,North Carolina,183,Wake,35.8652,-78.8197
2/19/2023,AQS,371830021,1,21.1,ppb,20,Triple Oak,23,96,42602,Nitrogen dioxide (NO2),39580,"Raleigh, NC",37,North Carolina,183,Wake,35.8652,-78.8197
2/20/2023,AQS,371830021,1,23.8,ppb,22,Triple Oak,23,96,42602,Nitrogen dioxide (NO2),39580,"Raleigh, NC",37,North Carolina,183,Wake,35.8652,-78.8197
2/21/2023,AQS,371830021,1,32.4,ppb,30,Triple Oak,23,96,42602,Nitrogen dioxide (NO2),39580,"Raleigh, NC",37,North Carolina,183,Wake,35.8652,-78.8197
2/22/2023,AQS,371830021,1,27.1,ppb,25,Triple Oak,21,88,42602,Nitrogen dioxide (NO2),39580,"Raleigh, NC",37,North Carolina,183,Wake,35.8652,-78.8197
2/23/2023,AQS,371830021,1,19,ppb,18,Triple Oak,23,96,42602,Nitrogen dioxide (NO2),39580,"Raleigh, NC",37,North Carolina,183,Wake,35.8652,-78.8197
2/24/2023,AQS,371830021,1,14.4,ppb,13,Triple Oak,23,96,42602,Nitrogen dioxide (NO2),39580,"Raleigh, NC",37,North Carolina,183,Wake,35.8652,-78.8197
2/25/2023,AQS,371830021,1,13,ppb,12,Triple Oak,23,96,42602,Nitrogen dioxide (NO2),39580,"Raleigh, NC",37,North Carolina,183,Wake,35.8652,-78.8197
2/26/2023,AQS,371830021,1,12.3,ppb,11,Triple Oak,23,96,42602,Nitrogen dioxide (NO2),39580,"Raleigh, NC",37,North Carolina,183,Wake,35.8652,-78.8197
2/27/2023,AQS,371830021,1,17.9,ppb,16,Triple Oak,19,79,42602,Nitrogen dioxide (NO2),39580,"Raleigh, NC",37,North Carolina,183,Wake,35.8652,-78.8197
2/28/2023,AQS,371830021,1,20.8,ppb,19,Triple Oak,23,96,42602,Nitrogen dioxide (NO2),39580,"Raleigh, NC",37,North Carolina,183,Wake,35.8652,-78.8197
3/1/2023,AQS,371830021,1,23.6,ppb,22,Triple Oak,23,96,42602,Nitrogen dioxide (NO2),39580,"Raleigh, NC",37,North Carolina,183,Wake,35.8652,-78.8197
3/2/2023,AQS,371830021,1,21,ppb,20,Triple Oak,23,96,42602,Nitrogen dioxide (NO2),39580,"Raleigh, NC",37,North Carolina,183,Wake,35.8652,-78.8197
3/3/2023,AQS,371830021,1,9.8,ppb,8,Triple Oak,23,96,42602,Nitrogen dioxide (NO2),39580,"Raleigh, NC",37,North Carolina,183,Wake,35.8652,-78.8197
3/4/2023,AQS,371830021,1,11,ppb,10,Triple Oak,23,96,42602,Nitrogen dioxide (NO2),39580,"Raleigh, NC",37,North Carolina,183,Wake,35.8652,-78.8197
3/5/2023,AQS,371830021,1,26.3,ppb,25,Triple Oak,23,96,42602,Nitrogen dioxide (NO2),39580,"Raleigh, NC",37,North Carolina,183,Wake,35.8652,-78.8197
3/6/2023,AQS,371830021,1,31.2,ppb,29,Triple Oak,23,96,42602,Nitrogen dioxide (NO2),39580,"Raleigh, NC",37,North Carolina,183,Wake,35.8652,-78.8197
3/7/2023,AQS,371830021,1,21.7,ppb,20,Triple Oak,23,96,42602,Nitrogen dioxide (NO2),39580,"Raleigh, NC",37,North Carolina,183,Wake,35.8652,-78.8197
3/8/2023,AQS,371830021,1,25.4,ppb,24,Triple Oak,23,96,42602,Nitrogen dioxide (NO2),39580,"Raleigh, NC",37,North Carolina,183,Wake,35.8652,-78.8197
3/9/2023,AQS,371830021,1,23.6,ppb,22,Triple Oak,18,75,42602,Nitrogen dioxide (NO2),39580,"Raleigh, NC",37,North Carolina,183,Wake,35.8652,-78.8197
3/10/2023,AQS,371830021,1,21.5,ppb,20,Triple Oak,23,96,42602,Nitrogen dioxide (NO2),39580,"Raleigh, NC",37,North Carolina,183,Wake,35.8652,-78.8197
3/11/2023,AQS,371830021,1,9.2,ppb,8,Triple Oak,23,96,42602,Nitrogen dioxide (NO2),39580,"Raleigh, NC",37,North Carolina,183,Wake,35.8652,-78.8197
3/12/2023,AQS,371830021,1,10.7,ppb,9,Triple Oak,23,96,42602,Nitrogen dioxide (NO2),39580,"Raleigh, NC",37,North Carolina,183,Wake,35.8652,-78.8197
3/13/2023,AQS,371830021,1,9.3,ppb,8,Triple Oak,20,83,42602,Nitrogen dioxide (NO2),39580,"Raleigh, NC",37,North Carolina,183,Wake,35.8652,-78.8197
3/14/2023,AQS,371830021,1,22.8,ppb,21,Triple Oak,23,96,42602,Nitrogen dioxide (NO2),39580,"Raleigh, NC",37,North Carolina,183,Wake,35.8652,-78.8197
3/15/2023,AQS,371830021,1,32.4,ppb,30,Triple Oak,23,96,42602,Nitrogen dioxide (NO2),39580,"Raleigh, NC",37,North Carolina,183,Wake,35.8652,-78.8197
3/16/2023,AQS,371830021,1,27.4,ppb,25,Triple Oak,23,96,42602,Nitrogen dioxide (NO2),39580,"Raleigh, NC",37,North Carolina,183,Wake,35.8652,-78.8197
3/17/2023,AQS,371830021,1,20.4,ppb,19,Triple Oak,23,96,42602,Nitrogen dioxide (NO2),39580,"Raleigh, NC",37,North Carolina,183,Wake,35.8652,-78.8197
3/18/2023,AQS,371830021,1,11,ppb,10,Triple Oak,23,96,42602,Nitrogen dioxide (NO2),39580,"Raleigh, NC",37,North Carolina,183,Wake,35.8652,-78.8197
3/19/2023,AQS,371830021,1,4.3,ppb,4,Triple Oak,23,96,42602,Nitrogen dioxide (NO2),39580,"Raleigh, NC",37,North Carolina,183,Wake,35.8652,-78.8197
3/20/2023,AQS,371830021,1,17.7,ppb,16,Triple Oak,23,96,42602,Nitrogen dioxide (NO2),39580,"Raleigh, NC",37,North Carolina,183,Wake,35.8652,-78.8197
3/21/2023,AQS,371830021,1,29.3,ppb,27,Triple Oak,23,96,42602,Nitrogen dioxide (NO2),39580,"Raleigh, NC",37,North Carolina,183,Wake,35.8652,-78.8197
3/22/2023,AQS,371830021,1,29.2,ppb,27,Triple Oak,23,96,42602,Nitrogen dioxide (NO2),39580,"Raleigh, NC",37,North Carolina,183,Wake,35.8652,-78.8197
3/23/2023,AQS,371830021,1,16,ppb,15,Triple Oak,23,96,42602,Nitrogen dioxide (NO2),39580,"Raleigh, NC",37,North Carolina,183,Wake,35.8652,-78.8197
3/24/2023,AQS,371830021,1,23.8,ppb,22,Triple Oak,23,96,42602,Nitrogen dioxide (NO2),39580,"Raleigh, NC",37,North Carolina,183,Wake,35.8652,-78.8197
3/25/2023,AQS,371830021,1,12.4,ppb,11,Triple Oak,23,96,42602,Nitrogen dioxide (NO2),39580,"Raleigh, NC",37,North Carolina,183,Wake,35.8652,-78.8197
3/26/2023,AQS,371830021,1,12.3,ppb,11,Triple Oak,23,96,42602,Nitrogen dioxide (NO2),39580,"Raleigh, NC",37,North Carolina,183,Wake,35.8652,-78.8197
3/27/2023,AQS,371830021,1,16.8,ppb,15,Triple Oak,19,79,42602,Nitrogen dioxide (NO2),39580,"Raleigh, NC",37,North Carolina,183,Wake,35.8652,-78.8197
3/28/2023,AQS,371830021,1,19.9,ppb,18,Triple Oak,23,96,42602,Nitrogen dioxide (NO2),39580,"Raleigh, NC",37,North Carolina,183,Wake,35.8652,-78.8197
3/29/2023,AQS,371830021,1,19.4,ppb,18,Triple Oak,23,96,42602,Nitrogen dioxide (NO2),39580,"Raleigh, NC",37,North Carolina,183,Wake,35.8652,-78.8197
3/30/2023,AQS,371830021,1,19.8,ppb,18,Triple Oak,23,96,42602,Nitrogen dioxide (NO2),39580,"Raleigh, NC",37,North Carolina,183,Wake,35.8652,-78.8197
3/31/2023,AQS,371830021,1,26.7,ppb,25,Triple Oak,23,96,42602,Nitrogen dioxide (NO2),39580,"Raleigh, NC",37,North Carolina,183,Wake,35.8652,-78.8197
4/1/2023,AQS,371830021,1,5.8,ppb,5,Triple Oak,23,96,42602,Nitrogen dioxide (NO2),39580,"Raleigh, NC",37,North Carolina,183,Wake,35.8652,-78.8197
4/2/2023,AQS,371830021,1,15.7,ppb,14,Triple Oak,23,96,42602,Nitrogen dioxide (NO2),39580,"Raleigh, NC",37,North Carolina,183,Wake,35.8652,-78.8197
4/3/2023,AQS,371830021,1,22.3,ppb,21,Triple Oak,23,96,42602,Nitrogen dioxide (NO2),39580,"Raleigh, NC",37,North Carolina,183,Wake,35.8652,-78.8197
4/4/2023,AQS,371830021,1,20.1,ppb,19,Triple Oak,23,96,42602,Nitrogen dioxide (NO2),39580,"Raleigh, NC",37,North Carolina,183,Wake,35.8652,-78.8197
4/6/2023,AQS,371830021,1,12.8,ppb,11,Triple Oak,23,96,42602,Nitrogen dioxide (NO2),39580,"Raleigh, NC",37,North Carolina,183,Wake,35.8652,-78.8197
4/7/2023,AQS,371830021,1,6.9,ppb,6,Triple Oak,19,79,42602,Nitrogen dioxide (NO2),39580,"Raleigh, NC",37,North Carolina,183,Wake,35.8652,-78.8197
4/8/2023,AQS,371830021,1,6.2,ppb,6,Triple Oak,23,96,42602,Nitrogen dioxide (NO2),39580,"Raleigh, NC",37,North Carolina,183,Wake,35.8652,-78.8197
4/9/2023,AQS,371830021,1,4.8,ppb,4,Triple Oak,23,96,42602,Nitrogen dioxide (NO2),39580,"Raleigh, NC",37,North Carolina,183,Wake,35.8652,-78.8197
4/10/2023,AQS,371830021,1,18.1,ppb,17,Triple Oak,20,83,42602,Nitrogen dioxide (NO2),39580,"Raleigh, NC",37,North Carolina,183,Wake,35.8652,-78.8197
4/11/2023,AQS,371830021,1,22.2,ppb,21,Triple Oak,23,96,42602,Nitrogen dioxide (NO2),39580,"Raleigh, NC",37,North Carolina,183,Wake,35.8652,-78.8197
4/12/2023,AQS,371830021,1,28.7,ppb,26,Triple Oak,23,96,42602,Nitrogen dioxide (NO2),39580,"Raleigh, NC",37,North Carolina,183,Wake,35.8652,-78.8197
4/13/2023,AQS,371830021,1,28.5,ppb,26,Triple Oak,23,96,42602,Nitrogen dioxide (NO2),39580,"Raleigh, NC",37,North Carolina,183,Wake,35.8652,-78.8197
4/14/2023,AQS,371830021,1,17.4,ppb,16,Triple Oak,23,96,42602,Nitrogen dioxide (NO2),39580,"Raleigh, NC",37,North Carolina,183,Wake,35.8652,-78.8197
4/15/2023,AQS,371830021,1,12.6,ppb,11,Triple Oak,23,96,42602,Nitrogen dioxide (NO2),39580,"Raleigh, NC",37,North Carolina,183,Wake,35.8652,-78.8197
4/16/2023,AQS,371830021,1,9.7,ppb,8,Triple Oak,23,96,42602,Nitrogen dioxide (NO2),39580,"Raleigh, NC",37,North Carolina,183,Wake,35.8652,-78.8197
4/17/2023,AQS,371830021,1,19.3,ppb,18,Triple Oak,23,96,42602,Nitrogen dioxide (NO2),39580,"Raleigh, NC",37,North Carolina,183,Wake,35.8652,-78.8197
4/18/2023,AQS,371830021,1,24.3,ppb,23,Triple Oak,23,96,42602,Nitrogen dioxide (NO2),39580,"Raleigh, NC",37,North Carolina,183,Wake,35.8652,-78.8197
4/19/2023,AQS,371830021,1,33.9,ppb,31,Triple Oak,23,96,42602,Nitrogen dioxide (NO2),39580,"Raleigh, NC",37,North Carolina,183,Wake,35.8652,-78.8197
4/20/2023,AQS,371830021,1,31.3,ppb,29,Triple Oak,23,96,42602,Nitrogen dioxide (NO2),39580,"Raleigh, NC",37,North Carolina,183,Wake,35.8652,-78.8197
4/21/2023,AQS,371830021,1,29.1,ppb,27,Triple Oak,23,96,42602,Nitrogen dioxide (NO2),39580,"Raleigh, NC",37,North Carolina,183,Wake,35.8652,-78.8197
4/22/2023,AQS,371830021,1,9.9,ppb,8,Triple Oak,23,96,42602,Nitrogen dioxide (NO2),39580,"Raleigh, NC",37,North Carolina,183,Wake,35.8652,-78.8197
4/23/2023,AQS,371830021,1,14.8,ppb,13,Triple Oak,23,96,42602,Nitrogen dioxide (NO2),39580,"Raleigh, NC",37,North Carolina,183,Wake,35.8652,-78.8197
4/24/2023,AQS,371830021,1,14.5,ppb,13,Triple Oak,18,75,42602,Nitrogen dioxide (NO2),39580,"Raleigh, NC",37,North Carolina,183,Wake,35.8652,-78.8197
4/25/2023,AQS,371830021,1,18,ppb,17,Triple Oak,23,96,42602,Nitrogen dioxide (NO2),39580,"Raleigh, NC",37,North Carolina,183,Wake,35.8652,-78.8197
4/26/2023,AQS,371830021,1,18.1,ppb,17,Triple Oak,23,96,42602,Nitrogen dioxide (NO2),39580,"Raleigh, NC",37,North Carolina,183,Wake,35.8652,-78.8197
4/27/2023,AQS,371830021,1,10.8,ppb,9,Triple Oak,23,96,42602,Nitrogen dioxide (NO2),39580,"Raleigh, NC",37,North Carolina,183,Wake,35.8652,-78.8197
4/28/2023,AQS,371830021,1,15.7,ppb,14,Triple Oak,23,96,42602,Nitrogen dioxide (NO2),39580,"Raleigh, NC",37,North Carolina,183,Wake,35.8652,-78.8197
4/29/2023,AQS,371830021,1,9.6,ppb,8,Triple Oak,23,96,42602,Nitrogen dioxide (NO2),39580,"Raleigh, NC",37,North Carolina,183,Wake,35.8652,-78.8197
4/30/2023,AQS,371830021,1,10.3,ppb,9,Triple Oak,23,96,42602,Nitrogen dioxide (NO2),39580,"Raleigh, NC",37,North Carolina,183,Wake,35.8652,-78.8197
5/1/2023,AQS,371830021,1,19.1,ppb,18,Triple Oak,23,96,42602,Nitrogen dioxide (NO2),39580,"Raleigh, NC",37,North Carolina,183,Wake,35.8652,-78.8197
5/2/2023,AQS,371830021,1,19.1,ppb,18,Triple Oak,23,96,42602,Nitrogen dioxide (NO2),39580,"Raleigh, NC",37,North Carolina,183,Wake,35.8652,-78.8197
5/3/2023,AQS,371830021,1,26.8,ppb,25,Triple Oak,23,96,42602,Nitrogen dioxide (NO2),39580,"Raleigh, NC",37,North Carolina,183,Wake,35.8652,-78.8197
5/4/2023,AQS,371830021,1,24.9,ppb,23,Triple Oak,23,96,42602,Nitrogen dioxide (NO2),39580,"Raleigh, NC",37,North Carolina,183,Wake,35.8652,-78.8197
5/5/2023,AQS,371830021,1,14.3,ppb,13,Triple Oak,23,96,42602,Nitrogen dioxide (NO2),39580,"Raleigh, NC",37,North Carolina,183,Wake,35.8652,-78.8197
5/6/2023,AQS,371830021,1,22.9,ppb,21,Triple Oak,23,96,42602,Nitrogen dioxide (NO2),39580,"Raleigh, NC",37,North Carolina,183,Wake,35.8652,-78.8197
5/7/2023,AQS,371830021,1,8.3,ppb,8,Triple Oak,23,96,42602,Nitrogen dioxide (NO2),39580,"Raleigh, NC",37,North Carolina,183,Wake,35.8652,-78.8197
5/8/2023,AQS,371830021,1,18.7,ppb,17,Triple Oak,19,79,42602,Nitrogen dioxide (NO2),39580,"Raleigh, NC",37,North Carolina,183,Wake,35.8652,-78.8197
5/9/2023,AQS,371830021,1,15.5,ppb,14,Triple Oak,23,96,42602,Nitrogen dioxide (NO2),39580,"Raleigh, NC",37,North Carolina,183,Wake,35.8652,-78.8197
5/10/2023,AQS,371830021,1,19.6,ppb,18,Triple Oak,23,96,42602,Nitrogen dioxide (NO2),39580,"Raleigh, NC",37,North Carolina,183,Wake,35.8652,-78.8197
5/11/2023,AQS,371830021,1,21.1,ppb,20,Triple Oak,23,96,42602,Nitrogen dioxide (NO2),39580,"Raleigh, NC",37,North Carolina,183,Wake,35.8652,-78.8197
5/12/2023,AQS,371830021,1,23,ppb,22,Triple Oak,23,96,42602,Nitrogen dioxide (NO2),39580,"Raleigh, NC",37,North Carolina,183,Wake,35.8652,-78.8197
5/13/2023,AQS,371830021,1,10.1,ppb,9,Triple Oak,23,96,42602,Nitrogen dioxide (NO2),39580,"Raleigh, NC",37,North Carolina,183,Wake,35.8652,-78.8197
5/14/2023,AQS,371830021,1,10.1,ppb,9,Triple Oak,23,96,42602,Nitrogen dioxide (NO2),39580,"Raleigh, NC",37,North Carolina,183,Wake,35.8652,-78.8197
5/15/2023,AQS,371830021,1,10.8,ppb,9,Triple Oak,23,96,42602,Nitrogen dioxide (NO2),39580,"Raleigh, NC",37,North Carolina,183,Wake,35.8652,-78.8197
5/16/2023,AQS,371830021,1,21.6,ppb,20,Triple Oak,23,96,42602,Nitrogen dioxide (NO2),39580,"Raleigh, NC",37,North Carolina,183,Wake,35.8652,-78.8197
5/17/2023,AQS,371830021,1,16.6,ppb,15,Triple Oak,23,96,42602,Nitrogen dioxide (NO2),39580,"Raleigh, NC",37,North Carolina,183,Wake,35.8652,-78.8197
5/18/2023,AQS,371830021,1,13.6,ppb,12,Triple Oak,23,96,42602,Nitrogen dioxide (NO2),39580,"Raleigh, NC",37,North Carolina,183,Wake,35.8652,-78.8197
5/19/2023,AQS,371830021,1,8.3,ppb,8,Triple Oak,23,96,42602,Nitrogen dioxide (NO2),39580,"Raleigh, NC",37,North Carolina,183,Wake,35.8652,-78.8197
5/20/2023,AQS,371830021,1,9.3,ppb,8,Triple Oak,23,96,42602,Nitrogen dioxide (NO2),39580,"Raleigh, NC",37,North Carolina,183,Wake,35.8652,-78.8197
5/21/2023,AQS,371830021,1,11.4,ppb,10,Triple Oak,23,96,42602,Nitrogen dioxide (NO2),39580,"Raleigh, NC",37,North Carolina,183,Wake,35.8652,-78.8197
5/22/2023,AQS,371830021,1,12.2,ppb,11,Triple Oak,20,83,42602,Nitrogen dioxide (NO2),39580,"Raleigh, NC",37,North Carolina,183,Wake,35.8652,-78.8197
5/23/2023,AQS,371830021,1,7.6,ppb,7,Triple Oak,23,96,42602,Nitrogen dioxide (NO2),39580,"Raleigh, NC",37,North Carolina,183,Wake,35.8652,-78.8197
5/24/2023,AQS,371830021,1,10.3,ppb,9,Triple Oak,23,96,42602,Nitrogen dioxide (NO2),39580,"Raleigh, NC",37,North Carolina,183,Wake,35.8652,-78.8197
5/25/2023,AQS,371830021,1,6.1,ppb,6,Triple Oak,23,96,42602,Nitrogen dioxide (NO2),39580,"Raleigh, NC",37,North Carolina,183,Wake,35.8652,-78.8197
5/26/2023,AQS,371830021,1,6.8,ppb,6,Triple Oak,23,96,42602,Nitrogen dioxide (NO2),39580,"Raleigh, NC",37,North Carolina,183,Wake,35.8652,-78.8197
5/27/2023,AQS,371830021,1,2.4,ppb,2,Triple Oak,23,96,42602,Nitrogen dioxide (NO2),39580,"Raleigh, NC",37,North Carolina,183,Wake,35.8652,-78.8197
5/28/2023,AQS,371830021,1,2.5,ppb,2,Triple Oak,23,96,42602,Nitrogen dioxide (NO2),39580,"Raleigh, NC",37,North Carolina,183,Wake,35.8652,-78.8197
5/29/2023,AQS,371830021,1,6.6,ppb,6,Triple Oak,23,96,42602,Nitrogen dioxide (NO2),39580,"Raleigh, NC",37,North Carolina,183,Wake,35.8652,-78.8197
5/30/2023,AQS,371830021,1,10.3,ppb,9,Triple Oak,23,96,42602,Nitrogen dioxide (NO2),39580,"Raleigh, NC",37,North Carolina,183,Wake,35.8652,-78.8197
5/31/2023,AQS,371830021,1,5.5,ppb,5,Triple Oak,23,96,42602,Nitrogen dioxide (NO2),39580,"Raleigh, NC",37,North Carolina,183,Wake,35.8652,-78.8197
6/1/2023,AQS,371830021,1,4.7,ppb,4,Triple Oak,23,96,42602,Nitrogen dioxide (NO2),39580,"Raleigh, NC",37,North Carolina,183,Wake,35.8652,-78.8197
6/2/2023,AQS,371830021,1,6.7,ppb,6,Triple Oak,23,96,42602,Nitrogen dioxide (NO2),39580,"Raleigh, NC",37,North Carolina,183,Wake,35.8652,-78.8197
6/3/2023,AQS,371830021,1,9,ppb,8,Triple Oak,23,96,42602,Nitrogen dioxide (NO2),39580,"Raleigh, NC",37,North Carolina,183,Wake,35.8652,-78.8197
6/4/2023,AQS,371830021,1,6.1,ppb,6,Triple Oak,23,96,42602,Nitrogen dioxide (NO2),39580,"Raleigh, NC",37,North Carolina,183,Wake,35.8652,-78.8197
6/5/2023,AQS,371830021,1,17.6,ppb,16,Triple Oak,19,79,42602,Nitrogen dioxide (NO2),39580,"Raleigh, NC",37,North Carolina,183,Wake,35.8652,-78.8197
6/6/2023,AQS,371830021,1,29.2,ppb,27,Triple Oak,23,96,42602,Nitrogen dioxide (NO2),39580,"Raleigh, NC",37,North Carolina,183,Wake,35.8652,-78.8197
6/7/2023,AQS,371830021,1,21.9,ppb,20,Triple Oak,23,96,42602,Nitrogen dioxide (NO2),39580,"Raleigh, NC",37,North Carolina,183,Wake,35.8652,-78.8197
6/8/2023,AQS,371830021,1,24.7,ppb,23,Triple Oak,23,96,42602,Nitrogen dioxide (NO2),39580,"Raleigh, NC",37,North Carolina,183,Wake,35.8652,-78.8197
6/9/2023,AQS,371830021,1,29.1,ppb,27,Triple Oak,23,96,42602,Nitrogen dioxide (NO2),39580,"Raleigh, NC",37,North Carolina,183,Wake,35.8652,-78.8197
6/10/2023,AQS,371830021,1,24.4,ppb,23,Triple Oak,23,96,42602,Nitrogen dioxide (NO2),39580,"Raleigh, NC",37,North Carolina,183,Wake,35.8652,-78.8197
6/11/2023,AQS,371830021,1,9.2,ppb,8,Triple Oak,23,96,42602,Nitrogen dioxide (NO2),39580,"Raleigh, NC",37,North Carolina,183,Wake,35.8652,-78.8197
6/12/2023,AQS,371830021,1,14.4,ppb,13,Triple Oak,23,96,42602,Nitrogen dioxide (NO2),39580,"Raleigh, NC",37,North Carolina,183,Wake,35.8652,-78.8197
6/13/2023,AQS,371830021,1,19.4,ppb,18,Triple Oak,23,96,42602,Nitrogen dioxide (NO2),39580,"Raleigh, NC",37,North Carolina,183,Wake,35.8652,-78.8197
6/14/2023,AQS,371830021,1,21.9,ppb,20,Triple Oak,23,96,42602,Nitrogen dioxide (NO2),39580,"Raleigh, NC",37,North Carolina,183,Wake,35.8652,-78.8197
6/15/2023,AQS,371830021,1,20.8,ppb,19,Triple Oak,22,92,42602,Nitrogen dioxide (NO2),39580,"Raleigh, NC",37,North Carolina,183,Wake,35.8652,-78.8197
6/16/2023,AQS,371830021,1,15,ppb,14,Triple Oak,23,96,42602,Nitrogen dioxide (NO2),39580,"Raleigh, NC",37,North Carolina,183,Wake,35.8652,-78.8197
6/17/2023,AQS,371830021,1,14,ppb,13,Triple Oak,23,96,42602,Nitrogen dioxide (NO2),39580,"Raleigh, NC",37,North Carolina,183,Wake,35.8652,-78.8197
6/18/2023,AQS,371830021,1,16.3,ppb,15,Triple Oak,23,96,42602,Nitrogen dioxide (NO2),39580,"Raleigh, NC",37,North Carolina,183,Wake,35.8652,-78.8197
6/19/2023,AQS,371830021,1,22.4,ppb,21,Triple Oak,20,83,42602,Nitrogen dioxide (NO2),39580,"Raleigh, NC",37,North Carolina,183,Wake,35.8652,-78.8197
6/20/2023,AQS,371830021,1,16.1,ppb,15,Triple Oak,23,96,42602,Nitrogen dioxide (NO2),39580,"Raleigh, NC",37,North Carolina,183,Wake,35.8652,-78.8197
6/21/2023,AQS,371830021,1,6.2,ppb,6,Triple Oak,23,96,42602,Nitrogen dioxide (NO2),39580,"Raleigh, NC",37,North Carolina,183,Wake,35.8652,-78.8197
6/22/2023,AQS,371830021,1,10.2,ppb,9,Triple Oak,23,96,42602,Nitrogen dioxide (NO2),39580,"Raleigh, NC",37,North Carolina,183,Wake,35.8652,-78.8197
6/23/2023,AQS,371830021,1,12.3,ppb,11,Triple Oak,23,96,42602,Nitrogen dioxide (NO2),39580,"Raleigh, NC",37,North Carolina,183,Wake,35.8652,-78.8197
6/24/2023,AQS,371830021,1,9,ppb,8,Triple Oak,23,96,42602,Nitrogen dioxide (NO2),39580,"Raleigh, NC",37,North Carolina,183,Wake,35.8652,-78.8197
6/25/2023,AQS,371830021,1,11.9,ppb,10,Triple Oak,23,96,42602,Nitrogen dioxide (NO2),39580,"Raleigh, NC",37,North Carolina,183,Wake,35.8652,-78.8197
6/26/2023,AQS,371830021,1,13.2,ppb,12,Triple Oak,23,96,42602,Nitrogen dioxide (NO2),39580,"Raleigh, NC",37,North Carolina,183,Wake,35.8652,-78.8197
6/27/2023,AQS,371830021,1,17.2,ppb,16,Triple Oak,23,96,42602,Nitrogen dioxide (NO2),39580,"Raleigh, NC",37,North Carolina,183,Wake,35.8652,-78.8197
6/28/2023,AQS,371830021,1,14.9,ppb,13,Triple Oak,19,79,42602,Nitrogen dioxide (NO2),39580,"Raleigh, NC",37,North Carolina,183,Wake,35.8652,-78.8197
6/29/2023,AQS,371830021,1,9.5,ppb,8,Triple Oak,23,96,42602,Nitrogen dioxide (NO2),39580,"Raleigh, NC",37,North Carolina,183,Wake,35.8652,-78.8197
6/30/2023,AQS,371830021,1,19.8,ppb,18,Triple Oak,23,96,42602,Nitrogen dioxide (NO2),39580,"Raleigh, NC",37,North Carolina,183,Wake,35.8652,-78.8197
7/1/2023,AQS,371830021,1,12.8,ppb,11,Triple Oak,23,96,42602,Nitrogen dioxide (NO2),39580,"Raleigh, NC",37,North Carolina,183,Wake,35.8652,-78.8197
7/2/2023,AQS,371830021,1,8.2,ppb,8,Triple Oak,23,96,42602,Nitrogen dioxide (NO2),39580,"Raleigh, NC",37,North Carolina,183,Wake,35.8652,-78.8197
7/3/2023,AQS,371830021,1,9.4,ppb,8,Triple Oak,23,96,42602,Nitrogen dioxide (NO2),39580,"Raleigh, NC",37,North Carolina,183,Wake,35.8652,-78.8197
7/4/2023,AQS,371830021,1,11.5,ppb,10,Triple Oak,23,96,42602,Nitrogen dioxide (NO2),39580,"Raleigh, NC",37,North Carolina,183,Wake,35.8652,-78.8197
7/5/2023,AQS,371830021,1,15.5,ppb,14,Triple Oak,23,96,42602,Nitrogen dioxide (NO2),39580,"Raleigh, NC",37,North Carolina,183,Wake,35.8652,-78.8197
7/6/2023,AQS,371830021,1,16.8,ppb,15,Triple Oak,23,96,42602,Nitrogen dioxide (NO2),39580,"Raleigh, NC",37,North Carolina,183,Wake,35.8652,-78.8197
7/7/2023,AQS,371830021,1,12.5,ppb,11,Triple Oak,23,96,42602,Nitrogen dioxide (NO2),39580,"Raleigh, NC",37,North Carolina,183,Wake,35.8652,-78.8197
7/8/2023,AQS,371830021,1,10,ppb,9,Triple Oak,23,96,42602,Nitrogen dioxide (NO2),39580,"Raleigh, NC",37,North Carolina,183,Wake,35.8652,-78.8197
7/9/2023,AQS,371830021,1,8,ppb,8,Triple Oak,23,96,42602,Nitrogen dioxide (NO2),39580,"Raleigh, NC",37,North Carolina,183,Wake,35.8652,-78.8197
7/10/2023,AQS,371830021,1,11.1,ppb,10,Triple Oak,23,96,42602,Nitrogen dioxide (NO2),39580,"Raleigh, NC",37,North Carolina,183,Wake,35.8652,-78.8197
7/11/2023,AQS,371830021,1,19.4,ppb,18,Triple Oak,22,92,42602,Nitrogen dioxide (NO2),39580,"Raleigh, NC",37,North Carolina,183,Wake,35.8652,-78.8197
7/12/2023,AQS,371830021,1,15.6,ppb,14,Triple Oak,23,96,42602,Nitrogen dioxide (NO2),39580,"Raleigh, NC",37,North Carolina,183,Wake,35.8652,-78.8197
7/13/2023,AQS,371830021,1,15.5,ppb,14,Triple Oak,20,83,42602,Nitrogen dioxide (NO2),39580,"Raleigh, NC",37,North Carolina,183,Wake,35.8652,-78.8197
7/14/2023,AQS,371830021,1,16.4,ppb,15,Triple Oak,23,96,42602,Nitrogen dioxide (NO2),39580,"Raleigh, NC",37,North Carolina,183,Wake,35.8652,-78.8197
7/15/2023,AQS,371830021,1,7.9,ppb,7,Triple Oak,23,96,42602,Nitrogen dioxide (NO2),39580,"Raleigh, NC",37,North Carolina,183,Wake,35.8652,-78.8197
7/16/2023,AQS,371830021,1,15.5,ppb,14,Triple Oak,23,96,42602,Nitrogen dioxide (NO2),39580,"Raleigh, NC",37,North Carolina,183,Wake,35.8652,-78.8197
7/17/2023,AQS,371830021,1,19,ppb,18,Triple Oak,23,96,42602,Nitrogen dioxide (NO2),39580,"Raleigh, NC",37,North Carolina,183,Wake,35.8652,-78.8197
7/18/2023,AQS,371830021,1,14.5,ppb,13,Triple Oak,23,96,42602,Nitrogen dioxide (NO2),39580,"Raleigh, NC",37,North Carolina,183,Wake,35.8652,-78.8197
7/19/2023,AQS,371830021,1,18.9,ppb,17,Triple Oak,23,96,42602,Nitrogen dioxide (NO2),39580,"Raleigh, NC",37,North Carolina,183,Wake,35.8652,-78.8197
7/20/2023,AQS,371830021,1,16.9,ppb,15,Triple Oak,23,96,42602,Nitrogen dioxide (NO2),39580,"Raleigh, NC",37,North Carolina,183,Wake,35.8652,-78.8197
7/21/2023,AQS,371830021,1,19.6,ppb,18,Triple Oak,23,96,42602,Nitrogen dioxide (NO2),39580,"Raleigh, NC",37,North Carolina,183,Wake,35.8652,-78.8197
7/22/2023,AQS,371830021,1,9.1,ppb,8,Triple Oak,23,96,42602,Nitrogen dioxide (NO2),39580,"Raleigh, NC",37,North Carolina,183,Wake,35.8652,-78.8197
7/23/2023,AQS,371830021,1,9.8,ppb,8,Triple Oak,23,96,42602,Nitrogen dioxide (NO2),39580,"Raleigh, NC",37,North Carolina,183,Wake,35.8652,-78.8197
7/24/2023,AQS,371830021,1,11.7,ppb,10,Triple Oak,23,96,42602,Nitrogen dioxide (NO2),39580,"Raleigh, NC",37,North Carolina,183,Wake,35.8652,-78.8197
7/25/2023,AQS,371830021,1,15.1,ppb,14,Triple Oak,23,96,42602,Nitrogen dioxide (NO2),39580,"Raleigh, NC",37,North Carolina,183,Wake,35.8652,-78.8197
7/26/2023,AQS,371830021,1,15.7,ppb,14,Triple Oak,23,96,42602,Nitrogen dioxide (NO2),39580,"Raleigh, NC",37,North Carolina,183,Wake,35.8652,-78.8197
7/27/2023,AQS,371830021,1,15.9,ppb,14,Triple Oak,20,83,42602,Nitrogen dioxide (NO2),39580,"Raleigh, NC",37,North Carolina,183,Wake,35.8652,-78.8197
7/28/2023,AQS,371830021,1,11,ppb,10,Triple Oak,23,96,42602,Nitrogen dioxide (NO2),39580,"Raleigh, NC",37,North Carolina,183,Wake,35.8652,-78.8197
7/29/2023,AQS,371830021,1,6.8,ppb,6,Triple Oak,23,96,42602,Nitrogen dioxide (NO2),39580,"Raleigh, NC",37,North Carolina,183,Wake,35.8652,-78.8197
7/30/2023,AQS,371830021,1,6.6,ppb,6,Triple Oak,23,96,42602,Nitrogen dioxide (NO2),39580,"Raleigh, NC",37,North Carolina,183,Wake,35.8652,-78.8197
7/31/2023,AQS,371830021,1,15.7,ppb,14,Triple Oak,23,96,42602,Nitrogen dioxide (NO2),39580,"Raleigh, NC",37,North Carolina,183,Wake,35.8652,-78.8197
8/1/2023,AQS,371830021,1,5.6,ppb,5,Triple Oak,23,96,42602,Nitrogen dioxide (NO2),39580,"Raleigh, NC",37,North Carolina,183,Wake,35.8652,-78.8197
8/2/2023,AQS,371830021,1,12.3,ppb,11,Triple Oak,23,96,42602,Nitrogen dioxide (NO2),39580,"Raleigh, NC",37,North Carolina,183,Wake,35.8652,-78.8197
8/3/2023,AQS,371830021,1,22.8,ppb,21,Triple Oak,23,96,42602,Nitrogen dioxide (NO2),39580,"Raleigh, NC",37,North Carolina,183,Wake,35.8652,-78.8197
8/4/2023,AQS,371830021,1,20,ppb,19,Triple Oak,23,96,42602,Nitrogen dioxide (NO2),39580,"Raleigh, NC",37,North Carolina,183,Wake,35.8652,-78.8197
8/5/2023,AQS,371830021,1,6.2,ppb,6,Triple Oak,23,96,42602,Nitrogen dioxide (NO2),39580,"Raleigh, NC",37,North Carolina,183,Wake,35.8652,-78.8197
8/6/2023,AQS,371830021,1,7.1,ppb,7,Triple Oak,23,96,42602,Nitrogen dioxide (NO2),39580,"Raleigh, NC",37,North Carolina,183,Wake,35.8652,-78.8197
8/8/2023,AQS,371830021,1,11.2,ppb,10,Triple Oak,18,75,42602,Nitrogen dioxide (NO2),39580,"Raleigh, NC",37,North Carolina,183,Wake,35.8652,-78.8197
8/9/2023,AQS,371830021,1,17.3,ppb,16,Triple Oak,23,96,42602,Nitrogen dioxide (NO2),39580,"Raleigh, NC",37,North Carolina,183,Wake,35.8652,-78.8197
8/10/2023,AQS,371830021,1,18.1,ppb,17,Triple Oak,20,83,42602,Nitrogen dioxide (NO2),39580,"Raleigh, NC",37,North Carolina,183,Wake,35.8652,-78.8197
8/11/2023,AQS,371830021,1,15.5,ppb,14,Triple Oak,23,96,42602,Nitrogen dioxide (NO2),39580,"Raleigh, NC",37,North Carolina,183,Wake,35.8652,-78.8197
8/12/2023,AQS,371830021,1,14.3,ppb,13,Triple Oak,23,96,42602,Nitrogen dioxide (NO2),39580,"Raleigh, NC",37,North Carolina,183,Wake,35.8652,-78.8197
8/13/2023,AQS,371830021,1,12.6,ppb,11,Triple Oak,23,96,42602,Nitrogen dioxide (NO2),39580,"Raleigh, NC",37,North Carolina,183,Wake,35.8652,-78.8197
8/14/2023,AQS,371830021,1,14.8,ppb,13,Triple Oak,23,96,42602,Nitrogen dioxide (NO2),39580,"Raleigh, NC",37,North Carolina,183,Wake,35.8652,-78.8197
8/15/2023,AQS,371830021,1,12.4,ppb,11,Triple Oak,23,96,42602,Nitrogen dioxide (NO2),39580,"Raleigh, NC",37,North Carolina,183,Wake,35.8652,-78.8197
8/16/2023,AQS,371830021,1,9.6,ppb,8,Triple Oak,23,96,42602,Nitrogen dioxide (NO2),39580,"Raleigh, NC",37,North Carolina,183,Wake,35.8652,-78.8197
8/17/2023,AQS,371830021,1,14.7,ppb,13,Triple Oak,23,96,42602,Nitrogen dioxide (NO2),39580,"Raleigh, NC",37,North Carolina,183,Wake,35.8652,-78.8197
8/18/2023,AQS,371830021,1,17.9,ppb,16,Triple Oak,23,96,42602,Nitrogen dioxide (NO2),39580,"Raleigh, NC",37,North Carolina,183,Wake,35.8652,-78.8197
8/19/2023,AQS,371830021,1,11.2,ppb,10,Triple Oak,23,96,42602,Nitrogen dioxide (NO2),39580,"Raleigh, NC",37,North Carolina,183,Wake,35.8652,-78.8197
8/20/2023,AQS,371830021,1,9.3,ppb,8,Triple Oak,23,96,42602,Nitrogen dioxide (NO2),39580,"Raleigh, NC",37,North Carolina,183,Wake,35.8652,-78.8197
8/21/2023,AQS,371830021,1,19.3,ppb,18,Triple Oak,23,96,42602,Nitrogen dioxide (NO2),39580,"Raleigh, NC",37,North Carolina,183,Wake,35.8652,-78.8197
8/22/2023,AQS,371830021,1,15.2,ppb,14,Triple Oak,23,96,42602,Nitrogen dioxide (NO2),39580,"Raleigh, NC",37,North Carolina,183,Wake,35.8652,-78.8197
8/23/2023,AQS,371830021,1,18,ppb,17,Triple Oak,20,83,42602,Nitrogen dioxide (NO2),39580,"Raleigh, NC",37,North Carolina,183,Wake,35.8652,-78.8197
8/24/2023,AQS,371830021,1,19.8,ppb,18,Triple Oak,23,96,42602,Nitrogen dioxide (NO2),39580,"Raleigh, NC",37,North Carolina,183,Wake,35.8652,-78.8197
8/25/2023,AQS,371830021,1,22,ppb,21,Triple Oak,23,96,42602,Nitrogen dioxide (NO2),39580,"Raleigh, NC",37,North Carolina,183,Wake,35.8652,-78.8197
8/26/2023,AQS,371830021,1,11.2,ppb,10,Triple Oak,23,96,42602,Nitrogen dioxide (NO2),39580,"Raleigh, NC",37,North Carolina,183,Wake,35.8652,-78.8197
8/27/2023,AQS,371830021,1,10.7,ppb,9,Triple Oak,23,96,42602,Nitrogen dioxide (NO2),39580,"Raleigh, NC",37,North Carolina,183,Wake,35.8652,-78.8197
8/28/2023,AQS,371830021,1,13.8,ppb,12,Triple Oak,23,96,42602,Nitrogen dioxide (NO2),39580,"Raleigh, NC",37,North Carolina,183,Wake,35.8652,-78.8197
8/29/2023,AQS,371830021,1,13.6,ppb,12,Triple Oak,23,96,42602,Nitrogen dioxide (NO2),39580,"Raleigh, NC",37,North Carolina,183,Wake,35.8652,-78.8197
8/30/2023,AQS,371830021,1,14.1,ppb,13,Triple Oak,22,92,42602,Nitrogen dioxide (NO2),39580,"Raleigh, NC",37,North Carolina,183,Wake,35.8652,-78.8197
8/31/2023,AQS,371830021,1,5,ppb,5,Triple Oak,21,88,42602,Nitrogen dioxide (NO2),39580,"Raleigh, NC",37,North Carolina,183,Wake,35.8652,-78.8197
9/1/2023,AQS,371830021,1,8.8,ppb,8,Triple Oak,22,92,42602,Nitrogen dioxide (NO2),39580,"Raleigh, NC",37,North Carolina,183,Wake,35.8652,-78.8197
9/2/2023,AQS,371830021,1,13.2,ppb,12,Triple Oak,22,92,42602,Nitrogen dioxide (NO2),39580,"Raleigh, NC",37,North Carolina,183,Wake,35.8652,-78.8197
9/3/2023,AQS,371830021,1,14.8,ppb,13,Triple Oak,21,88,42602,Nitrogen dioxide (NO2),39580,"Raleigh, NC",37,North Carolina,183,Wake,35.8652,-78.8197
9/4/2023,AQS,371830021,1,19.4,ppb,18,Triple Oak,22,92,42602,Nitrogen dioxide (NO2),39580,"Raleigh, NC",37,North Carolina,183,Wake,35.8652,-78.8197
9/5/2023,AQS,371830021,1,13.3,ppb,12,Triple Oak,23,96,42602,Nitrogen dioxide (NO2),39580,"Raleigh, NC",37,North Carolina,183,Wake,35.8652,-78.8197
9/6/2023,AQS,371830021,1,17.3,ppb,16,Triple Oak,20,83,42602,Nitrogen dioxide (NO2),39580,"Raleigh, NC",37,North Carolina,183,Wake,35.8652,-78.8197
9/7/2023,AQS,371830021,1,16.7,ppb,15,Triple Oak,22,92,42602,Nitrogen dioxide (NO2),39580,"Raleigh, NC",37,North Carolina,183,Wake,35.8652,-78.8197
9/8/2023,AQS,371830021,1,18.2,ppb,17,Triple Oak,23,96,42602,Nitrogen dioxide (NO2),39580,"Raleigh, NC",37,North Carolina,183,Wake,35.8652,-78.8197
9/9/2023,AQS,371830021,1,8.9,ppb,8,Triple Oak,23,96,42602,Nitrogen dioxide (NO2),39580,"Raleigh, NC",37,North Carolina,183,Wake,35.8652,-78.8197
9/10/2023,AQS,371830021,1,6.6,ppb,6,Triple Oak,21,88,42602,Nitrogen dioxide (NO2),39580,"Raleigh, NC",37,North Carolina,183,Wake,35.8652,-78.8197
9/11/2023,AQS,371830021,1,16.7,ppb,15,Triple Oak,22,92,42602,Nitrogen dioxide (NO2),39580,"Raleigh, NC",37,North Carolina,183,Wake,35.8652,-78.8197
9/12/2023,AQS,371830021,1,16.3,ppb,15,Triple Oak,23,96,42602,Nitrogen dioxide (NO2),39580,"Raleigh, NC",37,North Carolina,183,Wake,35.8652,-78.8197
9/13/2023,AQS,371830021,1,11.9,ppb,10,Triple Oak,23,96,42602,Nitrogen dioxide (NO2),39580,"Raleigh, NC",37,North Carolina,183,Wake,35.8652,-78.8197
9/14/2023,AQS,371830021,1,11.3,ppb,10,Triple Oak,22,92,42602,Nitrogen dioxide (NO2),39580,"Raleigh, NC",37,North Carolina,183,Wake,35.8652,-78.8197
9/15/2023,AQS,371830021,1,25.2,ppb,24,Triple Oak,22,92,42602,Nitrogen dioxide (NO2),39580,"Raleigh, NC",37,North Carolina,183,Wake,35.8652,-78.8197
9/16/2023,AQS,371830021,1,19.9,ppb,18,Triple Oak,22,92,42602,Nitrogen dioxide (NO2),39580,"Raleigh, NC",37,North Carolina,183,Wake,35.8652,-78.8197
9/17/2023,AQS,371830021,1,9.9,ppb,8,Triple Oak,23,96,42602,Nitrogen dioxide (NO2),39580,"Raleigh, NC",37,North Carolina,183,Wake,35.8652,-78.8197
9/18/2023,AQS,371830021,1,21.5,ppb,20,Triple Oak,23,96,42602,Nitrogen dioxide (NO2),39580,"Raleigh, NC",37,North Carolina,183,Wake,35.8652,-78.8197
9/19/2023,AQS,371830021,1,22.6,ppb,21,Triple Oak,23,96,42602,Nitrogen dioxide (NO2),39580,"Raleigh, NC",37,North Carolina,183,Wake,35.8652,-78.8197
9/20/2023,AQS,371830021,1,17,ppb,16,Triple Oak,20,83,42602,Nitrogen dioxide (NO2),39580,"Raleigh, NC",37,North Carolina,183,Wake,35.8652,-78.8197
9/21/2023,AQS,371830021,1,17.1,ppb,16,Triple Oak,23,96,42602,Nitrogen dioxide (NO2),39580,"Raleigh, NC",37,North Carolina,183,Wake,35.8652,-78.8197
9/22/2023,AQS,371830021,1,6,ppb,6,Triple Oak,23,96,42602,Nitrogen dioxide (NO2),39580,"Raleigh, NC",37,North Carolina,183,Wake,35.8652,-78.8197
9/23/2023,AQS,371830021,1,7.3,ppb,7,Triple Oak,23,96,42602,Nitrogen dioxide (NO2),39580,"Raleigh, NC",37,North Carolina,183,Wake,35.8652,-78.8197
9/24/2023,AQS,371830021,1,6.1,ppb,6,Triple Oak,23,96,42602,Nitrogen dioxide (NO2),39580,"Raleigh, NC",37,North Carolina,183,Wake,35.8652,-78.8197
9/25/2023,AQS,371830021,1,11.9,ppb,10,Triple Oak,23,96,42602,Nitrogen dioxide (NO2),39580,"Raleigh, NC",37,North Carolina,183,Wake,35.8652,-78.8197
9/26/2023,AQS,371830021,1,5.8,ppb,5,Triple Oak,23,96,42602,Nitrogen dioxide (NO2),39580,"Raleigh, NC",37,North Carolina,183,Wake,35.8652,-78.8197
9/27/2023,AQS,371830021,1,4.5,ppb,4,Triple Oak,23,96,42602,Nitrogen dioxide (NO2),39580,"Raleigh, NC",37,North Carolina,183,Wake,35.8652,-78.8197
9/28/2023,AQS,371830021,1,6.8,ppb,6,Triple Oak,23,96,42602,Nitrogen dioxide (NO2),39580,"Raleigh, NC",37,North Carolina,183,Wake,35.8652,-78.8197
9/29/2023,AQS,371830021,1,13.3,ppb,12,Triple Oak,23,96,42602,Nitrogen dioxide (NO2),39580,"Raleigh, NC",37,North Carolina,183,Wake,35.8652,-78.8197
9/30/2023,AQS,371830021,1,7.3,ppb,7,Triple Oak,23,96,42602,Nitrogen dioxide (NO2),39580,"Raleigh, NC",37,North Carolina,183,Wake,35.8652,-78.8197
